name,source_id,ref_dmin_pc,our_dmin_pc,ref_lo_pc,ref_hi_pc,our_lo_pc,our_hi_pc,d_ratio,ref_tmin_kyr,our_tmin_kyr,mc_censored,grade,sys_dmin_pc,window_limited,catalog
Gliese 710,4270814637616488064,0.0636,0.052,0.0595,0.0678,0.0491,0.05537,0.817,1292.1,1295.8,0.0,A,0.00127,False,BJ2022
HD 7977,510911618569239040,0.0641,0.0377,0.0191,0.1171,0.01931,0.06335,0.589,-2761.0,-2764.7,0.0,B,0.02064,False,BJ2022
UPM J0812-3529,5544743925212648320,0.1172,0.1136,0.1135,0.1218,0.11121,0.11616,0.969,29.2,29.2,0.0,C,0.0,False,BJ2022
2MASS J06105543-4246035,5571232118090082816,0.2601,0.2099,0.2491,0.2695,0.20261,0.21558,0.807,-1156.7,-1158.2,0.0,A,0.00527,False,BJ2022
Gaia DR3 3372104035275483392,3372104035275483392,0.3603,0.4729,0.2952,0.4412,0.43116,0.51927,1.313,1706.1,1708.1,0.0,C,0.0083,False,BJ2022
Gaia DR3 3207963476278403200,3207963476278403200,0.362,0.6171,0.3078,0.4179,0.58084,0.65365,1.705,-513.9,-520.9,0.0,C,0.01341,False,BJ2022
Gaia DR3 4763293626627587840,4763293626627587840,0.4509,0.3424,0.3131,0.6197,0.26807,0.43668,0.759,1535.5,1570.3,0.0,C,0.01956,False,BJ2022
Gaia DR3 929788371508812288,929788371508812288,0.4625,0.4921,0.4321,0.4943,0.47529,0.50903,1.064,-364.1,-364.8,0.0,C,0.00105,False,BJ2022
Gaia DR3 6913732624445112832,6913732624445112832,0.4641,0.9095,0.3145,0.6271,0.79132,1.03541,1.96,2908.1,2946.6,0.0,A,0.53271,False,BJ2022
Gaia DR2 3118526069444386944,3118526069444386944,0.4859,0.5185,0.3182,0.6905,0.39989,0.63529,1.067,-3211.9,-3215.3,0.0,B,0.04039,False,BJ2022
2MASS J22415098-2759470,6608946489396474752,0.5544,0.5817,0.5182,0.5926,0.55614,0.60313,1.049,-2768.0,-2779.1,0.0,A,0.09145,False,BJ2022
LAMOST J045521.42+114441.2,3295253979286613376,0.5589,0.5611,0.519,0.6067,0.53618,0.58815,1.004,1687.0,1692.1,0.0,A,0.01357,False,BJ2022
LSPM J2146+3813,1952802469918554368,0.5677,0.569,0.5658,0.5698,0.56776,0.57018,1.002,82.5,82.6,0.0,A,1e-05,False,BJ2022
2MASS J06342938-7449471,5261593808165974784,0.5971,0.6236,0.5862,0.6085,0.61771,0.62963,1.044,-895.9,-896.3,0.0,A,0.00225,False,BJ2022
Gaia DR3 3054509410098672000,3054509410098672000,0.6156,0.5962,0.6088,0.6223,0.59278,0.60017,0.969,-556.8,-556.5,0.0,B,0.00044,False,BJ2022
Gaia DR3 3001468183198140800,3001468183198140800,0.6204,0.4316,0.6006,0.6384,0.42104,0.44285,0.696,242.0,244.4,0.0,C,0.00167,False,BJ2022
Gaia DR3 4116451378388951424,4116451378388951424,0.6267,0.5375,0.5917,0.6671,0.51894,0.56056,0.858,310.5,313.2,0.0,C,0.00037,False,BJ2022
Gaia DR3 3600338081985998080,3600338081985998080,0.6577,0.615,0.5936,0.727,0.57696,0.65725,0.935,1007.8,1007.4,0.0,B,0.00593,False,BJ2022
2MASS J18281194+2440535,4536673181955253504,0.7117,0.773,0.5066,0.9595,0.63303,0.91588,1.086,1331.9,1339.7,0.0,B,0.02661,False,BJ2022
Gaia DR3 398496965625177216,398496965625177216,0.728,0.6779,0.6757,0.7918,0.64304,0.71445,0.931,467.2,469.4,0.0,C,0.00221,False,BJ2022
2MASS J06200019-0656011,3007538204640292480,0.7424,1.1946,0.5801,0.9189,1.08992,1.28588,1.609,-4231.8,-4270.0,0.0,A,0.48064,False,BJ2022
2MASS J08300286+3815401,911145876981562496,0.7485,0.4739,0.503,1.0138,0.29966,0.65051,0.633,3660.3,3690.2,0.0,B,0.15666,False,BJ2022
EGGR 290,3320184202856435840,0.7772,0.7711,0.7483,0.8126,0.75157,0.79331,0.992,19.0,19.0,0.0,C,0.0,False,BJ2022
Gaia DR3 6483100752169539584,6483100752169539584,0.7872,1.577,0.435,1.0657,1.44013,1.68278,2.003,-3836.6,-3866.8,0.031,C,0.61635,False,BJ2022
Gaia DR3 4155835025908320640,4155835025908320640,0.7876,0.8967,0.7373,0.8519,0.85808,0.93464,1.138,326.5,329.1,0.0,C,0.00012,False,BJ2022
Gaia DR3 3443909634992792320,3443909634992792320,0.8098,0.8407,0.4858,1.2158,0.61168,1.10661,1.038,-3140.4,-3155.9,0.0,B,0.00726,False,BJ2022
HIP 90112,6726602067616477056,0.8152,0.9189,0.7899,0.8411,0.90258,0.93385,1.127,-2056.8,-2058.8,0.0,A,0.03055,False,BJ2022
SAO 172059,2926732831673735168,0.8191,0.8223,0.803,0.8347,0.81414,0.83095,1.004,-1657.9,-1661.8,0.0,A,0.02777,False,BJ2022
TYC 1662-1962-1,1791617849154434688,0.8367,0.8196,0.8195,0.8538,0.80844,0.82987,0.98,-1533.1,-1537.6,0.0,A,0.02065,False,BJ2022
TYC 4822-752-1,3101404272522355584,0.8429,1.2702,0.6513,1.0434,1.15603,1.38205,1.507,-3727.8,-3779.1,0.0,A,0.08195,False,BJ2022
Gaia DR3 3218956015577464064,3218956015577464064,0.8445,0.9909,0.7395,0.9569,0.91378,1.06551,1.173,-3162.1,-3148.2,0.0,A,0.22786,False,BJ2022
Gaia DR3 3621143693841328896,3621143693841328896,0.8588,0.7636,0.7334,1.0473,0.68447,0.87508,0.889,-1522.3,-1512.1,0.0,C,0.00757,False,BJ2022
2MASS J04090205+0245383,3260079227925564160,0.8618,0.8348,0.8465,0.8778,0.8244,0.84421,0.969,928.5,930.6,0.0,B,0.00814,False,BJ2022
2MASS J05250205+0137210,3222258501830719616,0.8626,1.6486,0.2988,1.5309,1.19986,2.16206,1.911,-4374.8,-4404.4,0.105,B,0.9036,False,BJ2022
Gaia DR3 775766686745320960,775766686745320960,0.8633,0.7703,0.6779,1.1313,0.64752,0.92182,0.892,-305.3,-305.6,0.0,C,0.00164,False,BJ2022
UPM J1121-5549,5346007675222666752,0.8679,0.8594,0.8593,0.8752,0.85544,0.86396,0.99,-284.6,-284.5,0.0,A,0.00011,False,BJ2022
Gaia DR3 5473864079915092736,5473864079915092736,0.8756,0.8641,0.8421,0.9094,0.8448,0.88243,0.987,-137.0,-137.7,0.0,C,0.00045,False,BJ2022
Gaia DR3 899893234465049216,899893234465049216,0.8787,0.962,0.7094,1.1944,0.83658,1.1161,1.095,1122.2,1138.2,0.0,C,0.01165,False,BJ2022
2MASS J06215471-4725313,5553958176239495040,0.8898,0.8882,0.8297,0.9492,0.85703,0.92925,0.998,-308.8,-306.8,0.0,A,0.00054,False,BJ2022
Gaia DR3 4041250662947214464,4041250662947214464,0.896,0.9648,0.4219,1.4517,0.67035,1.32717,1.077,755.2,763.6,0.0,B,0.00094,False,BJ2022
2MASS J06254274-2408350,2924378502398307840,0.8988,0.9172,0.8802,0.9185,0.90283,0.93103,1.02,-1871.1,-1874.2,0.0,A,0.08962,False,BJ2022
GJ 3649,3972130276695660288,0.8998,0.9217,0.8908,0.9077,0.91691,0.92642,1.024,-522.0,-522.0,0.0,A,0.00097,False,BJ2022
Gaia DR3 1132123559268892288,1132123559268892288,0.9036,0.3222,0.7835,1.0325,0.27399,0.36827,0.357,2581.2,2603.0,0.0,A,0.26372,False,BJ2022
TYC 6760-1510-1,6224087389269263488,0.9091,0.9264,0.8302,0.9965,0.87903,0.97613,1.019,-1722.2,-1720.6,0.0,B,0.01058,False,BJ2022
2MASS J06395374-4838327,5551538941421122304,0.9095,1.2705,0.8595,0.9545,1.24361,1.29488,1.397,-3858.3,-3875.2,0.0,A,0.36677,False,BJ2022
HD 49995,2933503521200215424,0.9136,0.9807,0.8248,1.0222,0.90833,1.04596,1.073,-4016.8,-4031.3,0.0,A,0.08472,False,BJ2022
Gaia DR3 2020810807491120896,2020810807491120896,0.9219,0.9346,0.2574,2.0505,0.50205,1.6028,1.014,-1559.8,-1567.3,0.0,C,0.01013,False,BJ2022
Ross 248,1926461164913660160,0.9345,0.9336,0.9313,0.9381,0.93148,0.93528,0.999,36.5,36.5,0.0,A,0.0,False,BJ2022
Gaia DR3 3142271161216457472,3142271161216457472,0.9363,0.998,0.8496,1.0252,0.94934,1.05182,1.066,-455.5,-456.6,0.0,C,0.00148,False,BJ2022
Proxima Centauri,5853498713190525696,0.9577,0.9575,0.9509,0.9653,0.9539,0.9611,1.0,26.6,26.6,0.0,A,0.0,False,BJ2022
2MASS J00425410+5519473,418338821185634048,0.9737,1.0112,0.8337,1.1723,0.91624,1.14305,1.039,3098.1,3072.7,0.0,B,0.05387,False,BJ2022
Gaia DR3 6899603831309106560,6899603831309106560,0.9769,1.0967,0.8401,1.1814,1.01654,1.20282,1.123,2459.7,2474.1,0.0,A,0.09944,False,BJ2022
Gaia DR3 5614610776700908672,5614610776700908672,0.9984,1.0116,0.8232,1.2063,0.89709,1.13953,1.013,-718.0,-713.4,0.0,C,0.00093,False,BJ2022
Gaia DR3 2184252351930210560,2184252351930210560,0.757,7.6509,0.5891,0.8872,1.04485,26.39777,10.107,5193.9,5000.0,0.637,A,0.15258,True,BJ2022
TYC 5972-2542-1,2929487348824926336,0.8451,20.4332,0.5189,1.1666,15.84763,25.16294,24.178,-5238.3,-5000.0,1.0,A,0.12681,True,BJ2022
2MASS J03183845+1046582,16128048873105664,5.0371,5.425,4.3893,5.9382,4.91446,5.96747,1.077,-1705.7,-1794.3,0.0,A,0.05785,False,BJ2018
GJ 3160,26283932836820096,5.0734,5.0246,4.9312,5.2107,4.96097,5.09484,0.99,478.0,480.4,0.0,B,0.00118,False,BJ2018
TYC 654-1706-1,29775530794738560,5.2338,4.9246,4.7746,5.7433,4.82469,5.04042,0.941,-4059.5,-4016.6,0.0,A,0.33542,False,BJ2018
2MASS J03064683+1433450,30638273760796288,5.8606,3.0949,4.4961,7.6322,2.84132,3.40631,0.528,4851.5,4476.2,0.0,A,1.40603,False,BJ2018
TYC 1227-755-1,35604419890389632,6.1264,6.3663,5.9386,6.3148,6.32474,6.42349,1.039,-2350.1,-2409.7,0.0,A,0.03613,False,BJ2018
GJ 1063,36590651757883392,8.537,8.5013,8.4948,8.5762,8.48537,8.51419,0.996,-217.6,-217.6,0.0,A,0.00046,False,BJ2018
2MASS J03391995+1302483,37710603132868480,6.2638,10.6734,5.302,7.5451,10.00565,11.3377,1.704,-4929.6,-4899.2,0.219,B,1.08446,False,BJ2018
2MASS J03511737+1800316,43892267960691840,10.539,8.4371,9.0202,12.2833,7.82273,8.99808,0.801,-2732.7,-2661.7,0.0,B,0.20115,False,BJ2018
HD 284280,48627898899807744,1.641,1.4329,1.5412,1.7398,1.41935,1.44308,0.873,-1592.0,-1569.9,0.0,A,0.03594,False,BJ2018
2MASS J04154753+2236396,52635172106347648,5.8654,5.863,5.7834,5.9491,5.83544,5.89205,1.0,-702.0,-705.7,0.0,B,0.00623,False,BJ2018
39 Tau,53112944270520832,9.8356,9.8307,9.77,9.9067,9.79806,9.86669,0.999,-452.5,-452.8,0.0,A,0.00036,False,BJ2018
TYC 1237-487-1,54605909259517056,5.2566,5.1005,5.1473,5.368,5.07892,5.12255,0.97,822.4,817.0,0.0,A,0.01502,False,BJ2018
SAO 93257,60186343087140096,3.4186,3.4362,3.3802,3.4576,3.42511,3.44638,1.005,-451.7,-453.7,0.0,A,0.00047,False,BJ2018
2MASS J03232098+2402115,62969649398036096,4.0501,3.547,3.6113,4.5471,3.43971,3.6979,0.876,2832.0,2795.9,0.0,A,0.45199,False,BJ2018
HD 23742,66945178505314944,7.0352,6.9886,6.9712,7.098,6.96939,7.0044,0.993,435.6,435.2,0.0,A,0.0012,False,BJ2018
GJ 154,70051608089857536,9.193,9.1707,9.1192,9.27,9.15049,9.1966,0.998,-233.5,-233.6,0.0,A,0.00011,False,BJ2018
2MASS J02382451+2305190,89630989601359744,5.135,5.1069,4.8793,5.4189,5.01082,5.2155,0.995,-2191.0,-2203.6,0.0,A,0.06399,False,BJ2018
2 Ari,96331172942614528,4.7302,4.7513,4.7027,4.7587,4.73479,4.76254,1.004,135.8,136.2,0.0,A,9e-05,False,BJ2018
2MASS J02110092+2543171,106187431396613760,10.6168,9.8696,8.2871,14.2054,8.71111,13.69137,0.93,-4847.6,-4702.8,0.312,A,0.69172,False,BJ2018
TYC 1781-715-1,112780073052738048,12.3839,10.5069,11.246,13.6966,10.14365,10.87282,0.848,4832.4,4582.6,0.008,A,0.56975,False,BJ2018
2MASS J02382530+2823105,127911341619960832,2.1929,2.2725,2.0715,2.3081,2.24354,2.31124,1.036,-1957.6,-1952.6,0.0,A,0.06091,False,BJ2018
2MASS J02360700+3504251,135065691983310464,5.2432,5.2917,5.0084,5.4761,5.21249,5.3806,1.009,2013.9,1953.8,0.0,A,0.10002,False,BJ2018
TYC 2339-887-1,135277283548614784,6.6243,7.1287,6.2748,6.9931,7.04975,7.21776,1.076,2302.8,2362.2,0.0,A,0.16096,False,BJ2018
2MASS J02540101+3709516,141487874978760064,9.1992,8.8869,8.613,9.8477,8.67555,9.12001,0.966,3307.3,3242.9,0.0,B,0.0948,False,BJ2018
TYC 2846-143-1,143436106504047872,8.9381,8.6804,8.3627,9.5509,8.49372,8.86706,0.971,3193.0,3156.2,0.0,A,0.20922,False,BJ2018
GJ 169,145421309108301184,3.0162,3.0133,2.9981,3.034,3.00371,3.02287,0.999,285.7,285.0,0.0,A,4e-05,False,BJ2018
V833 Tau,151650076838458112,8.4279,8.5541,7.7054,9.3036,8.14239,8.93407,1.015,-315.2,-320.9,0.0,B,0.00014,False,BJ2018
2MASS J04544725+2738343,154093771495537536,4.0878,5.5997,3.0996,5.0972,5.44062,5.76955,1.37,-3735.2,-3800.8,0.0,A,0.27024,False,BJ2018
PM J04362+3116,159685410893202304,9.9541,9.8508,9.8241,10.0947,9.81351,9.89125,0.99,438.0,435.9,0.0,A,0.0005,False,BJ2018
2MASS J04091648+3221066,169748446253435136,8.9473,8.7135,8.6143,9.2934,8.61983,8.81963,0.974,624.4,612.1,0.0,B,0.00034,False,BJ2018
StKM 2-352,172749223939191424,7.4128,7.3285,7.2689,7.564,7.26091,7.39436,0.989,-1203.6,-1188.5,0.0,A,0.00554,False,BJ2018
HD 30708,174156255225869440,8.8318,8.7792,8.7778,8.8858,8.7597,8.79771,0.994,483.3,482.0,0.0,A,0.00037,False,BJ2018
HD 280038,175612176122979840,8.6234,8.5288,8.4102,8.8434,8.44125,8.62748,0.989,1125.3,1142.9,0.0,B,0.00745,False,BJ2018
15 Aur,188771135583573504,7.4945,7.5862,7.4375,7.5496,7.56907,7.60137,1.012,-117.3,-117.6,0.0,A,0.0,False,BJ2018
2MASS J05365269+4445168,197387630251796864,6.9944,7.5689,6.5204,7.5405,7.41452,7.73777,1.082,2829.1,3008.7,0.0,B,0.03054,False,BJ2018
V536 Aur,198228619207418752,8.6799,8.8591,8.2791,9.1211,8.65249,9.05096,1.021,4878.7,4922.0,0.227,A,0.01406,False,BJ2018
2MASS J04504407+3907046,199543630816926976,9.3546,7.8015,8.1609,10.592,7.6469,7.95665,0.834,4247.1,4135.8,0.0,A,0.12206,False,BJ2018
PM J04414+4053,203117765163988352,7.8596,7.8449,7.7378,7.9836,7.78825,7.89841,0.998,-713.0,-712.6,0.0,A,0.0003,False,BJ2018
Capella H,211810233512673792,9.0038,8.8915,8.8277,9.1721,8.86844,8.91766,0.988,-234.7,-234.0,0.0,A,3e-05,False,BJ2018
GJ 3352,215412263665992448,8.5478,8.5448,8.4925,8.6021,8.52633,8.56268,1.0,293.5,294.1,0.0,A,8e-05,False,BJ2018
HD 23040,216569469589042176,8.6477,8.5425,8.4031,8.909,8.46919,8.61059,0.988,935.6,925.2,0.0,A,0.00193,False,BJ2018
Gaia DR3 221217032225720704,221217032225720704,9.2124,10.5783,8.8905,9.5559,10.10176,11.30493,1.148,1661.2,1468.0,0.0,B,0.02144,False,BJ2018
HD 26200,226158447937009664,8.958,8.7298,8.8591,9.0528,8.69797,8.76524,0.975,1145.8,1131.5,0.0,A,0.00576,False,BJ2018
SAO 39478,232672813810538752,9.6084,8.8806,7.1308,14.5751,7.93808,9.97142,0.924,1747.7,1688.4,0.0,B,0.00815,False,BJ2018
2MASS J03171054+3716597,235315348273197056,5.6005,5.6741,5.1608,6.1008,5.56437,5.78061,1.013,1886.2,1922.6,0.0,A,0.02739,False,BJ2018
2MASS J03213316+3901477,235898261234593664,9.0687,9.0354,8.757,9.3733,8.89911,9.14235,0.996,2179.9,2158.2,0.0,B,0.1051,False,BJ2018
TYC 2874-2849-1,238294926004953088,9.4787,9.3506,9.3033,9.6577,9.26997,9.4047,0.986,1065.3,1059.6,0.0,A,0.01241,False,BJ2018
HD 19071,240259375324767744,7.3298,7.3289,7.2538,7.4073,7.29791,7.35949,1.0,-714.3,-714.5,0.0,A,0.00039,False,BJ2018
TYC 2875-2294-1,244645052331680640,1.8268,1.8754,1.7498,1.9063,1.85724,1.89619,1.027,-1612.6,-1608.0,0.0,A,0.01551,False,BJ2018
TYC 3317-104-1,248134730439570944,7.3874,7.4152,7.2066,7.5695,7.36717,7.46864,1.004,1898.3,1892.1,0.0,A,0.02955,False,BJ2018
TYC 3334-1430-1,248770587459316736,7.8218,7.6349,7.4197,8.23,7.52966,7.71572,0.976,2483.1,2508.0,0.0,A,0.04792,False,BJ2018
TYC 3334-1187-1,248770690538531712,6.8742,6.4109,6.4498,7.3047,6.35978,6.47357,0.933,2561.2,2523.9,0.0,A,0.04745,False,BJ2018
2MASS J03514176+4900009,250035987904152960,8.9912,8.1057,8.5791,9.4198,8.00422,8.21025,0.902,1480.3,1377.0,0.0,B,0.00525,False,BJ2018
2MASS J04392849+4410437,252845824228482048,6.7409,7.1742,6.3344,7.1718,7.06004,7.26953,1.064,3417.7,3386.4,0.0,A,0.03484,False,BJ2018
TYC 3347-754-1,255748328766180992,8.0218,7.7508,7.5664,8.5332,7.62013,7.88359,0.966,1689.5,1649.5,0.0,B,0.00987,False,BJ2018
GJ 181,256487136159035136,5.7164,5.7107,5.6644,5.7724,5.69149,5.7322,0.999,418.2,417.6,0.0,A,9e-05,False,BJ2018
SAO 39579,256986073920588288,4.2633,4.3449,4.1697,4.3603,4.31423,4.36969,1.019,2368.4,2374.1,0.0,A,0.00455,False,BJ2018
GJ 168,258179971749627776,2.0369,2.0128,2.012,2.0651,2.00869,2.01672,0.988,364.6,362.1,0.0,A,0.00011,False,BJ2018
TYC 3370-1845-1,262487308550679040,7.9868,9.4551,6.6005,10.2533,8.97529,9.92241,1.184,2818.5,2864.9,0.0,B,0.01683,False,BJ2018
HIP 23913,265826349267712768,5.2126,5.2547,4.9494,5.5259,5.21589,5.28989,1.008,1623.8,1649.1,0.0,B,0.0034,False,BJ2018
2MASS J04340466+5128411,271031957007768064,6.711,6.797,6.4978,6.93,6.7029,6.88582,1.013,-1619.2,-1634.4,0.0,A,0.00717,False,BJ2018
2MASS J04242208+5048407,271082598963353216,3.6748,3.5637,3.3782,3.9864,3.47825,3.65642,0.97,4676.4,4588.6,0.0,A,0.08321,False,BJ2018
TYC 3732-208-1,272374288904601984,3.1783,3.062,3.0506,3.3016,3.04812,3.07602,0.963,1117.6,1115.2,0.0,A,0.0031,False,BJ2018
GJ 172,272855565763652480,6.1278,6.1212,6.0976,6.1573,6.10805,6.13892,0.999,-177.7,-177.6,0.0,A,1e-05,False,BJ2018
2MASS J04514253+5330025,273074059340027904,9.6007,9.7424,9.1352,10.1156,9.62833,9.86094,1.015,2923.8,2941.9,0.0,A,0.03969,False,BJ2018
TYC 3733-348-1,273119448553834880,7.1743,6.7542,6.7372,7.6018,6.66527,6.81602,0.941,3915.1,3863.2,0.0,A,0.09946,False,BJ2018
TYC 3722-397-1,276785357764183680,3.4099,3.8219,2.9856,3.8651,3.70877,3.9338,1.121,4409.7,4395.9,0.0,B,0.1438,False,BJ2018
HD 237409,281671072035804032,8.8533,8.5312,8.3281,9.3885,8.38417,8.67961,0.964,3599.9,3601.9,0.0,A,0.19456,False,BJ2018
2MASS J05365987+5857450,281701274245005568,6.6654,6.7021,6.4365,6.9215,6.6227,6.78327,1.006,2091.4,2099.5,0.0,A,0.03391,False,BJ2018
TYC 4094-2019-1,282334077546779648,9.1913,8.9195,9.0002,9.3971,8.86288,8.97502,0.97,2082.2,2053.8,0.0,A,0.06793,False,BJ2018
Gaia DR2 287811294720622208,287811294720622208,5.5892,5.5634,5.3939,5.7965,5.50773,5.621,0.995,401.7,400.8,0.0,A,0.00052,False,BJ2018
TYC 4089-1140-1,287980516431427200,5.6727,5.6618,5.6182,5.7299,5.63982,5.67993,0.998,985.1,985.8,0.0,A,0.00881,False,BJ2018
2MASS J05422240+6445043,287980512135232512,5.5948,5.6238,5.5146,5.6757,5.59313,5.6539,1.005,980.4,985.7,0.0,A,0.00969,False,BJ2018
HD 8274,289697747434140544,7.3167,7.1119,7.2043,7.4299,7.08104,7.14154,0.972,1256.2,1244.3,0.0,A,0.01982,False,BJ2018
HIP 8543,302447890428345088,6.208,6.1319,6.1502,6.2651,6.11119,6.1544,0.988,632.4,630.9,0.0,A,0.00414,False,BJ2018
HIP 7764,303504074425923328,6.4696,6.0065,6.2522,6.6888,5.95405,6.0711,0.928,2933.0,2877.1,0.0,A,0.15592,False,BJ2018
GJ 3083,308828253324985984,7.3548,7.3737,7.3021,7.4085,7.35109,7.39683,1.003,188.9,189.3,0.0,A,0.00022,False,BJ2018
2MASS J02253427+3422039,326844880921847040,5.9542,6.6469,5.6077,6.2997,6.53212,6.75619,1.116,3011.9,3048.0,0.0,A,0.28475,False,BJ2018
2MASS J02535434+4017046,335707086377960448,2.3777,2.6423,1.9477,2.7894,2.55358,2.72805,1.111,3815.2,3820.0,0.0,A,0.44104,False,BJ2018
2MASS J02044410+4359037,346489752096376192,7.2961,7.1824,6.673,7.888,7.07255,7.2885,0.984,3507.2,3374.8,0.0,A,0.19754,False,BJ2018
Titawin,348020482735930112,9.1868,9.1896,9.0637,9.3166,9.13716,9.23055,1.0,245.0,245.7,0.0,B,0.00032,False,BJ2018
GJ 96,354077348697687424,3.6643,3.6723,3.6191,3.7071,3.66207,3.68603,1.002,274.8,274.0,0.0,A,4e-05,False,BJ2018
HD 4153,360615594590891648,4.8883,9.3952,4.563,5.3051,8.45729,10.82102,1.922,641.5,1200.5,0.0,B,0.0182,False,BJ2018
SAO 54114,360620026996556672,6.0105,5.9843,5.9504,6.072,5.95544,6.01025,0.996,822.6,818.8,0.0,A,0.00676,False,BJ2018
Gaia DR2 362677900447403520,362677900447403520,9.8551,9.5904,8.4037,11.6735,9.1038,10.14391,0.973,510.7,496.4,0.0,A,0.00019,False,BJ2018
Groombridge 34 A,385334230892516480,3.4693,3.4716,3.4657,3.4728,3.46929,3.47342,1.001,-15.6,-15.5,0.0,A,0.0,False,BJ2018
StKM 1-179,405444436003523456,2.489,2.4665,2.429,2.5502,2.45096,2.48253,0.991,1316.9,1311.9,0.0,A,0.006,False,BJ2018
2MASS J01490701+5117391,406089363996072576,4.2548,4.1839,3.1581,6.41,4.01939,4.37978,0.983,3509.4,3488.0,0.0,A,0.19901,False,BJ2018
2MASS J01103445+5316348,410981125589017088,9.3235,9.2281,9.1194,9.535,9.16131,9.28769,0.99,1456.1,1434.1,0.0,A,0.02004,False,BJ2018
TYC 3673-947-1,411681621880617728,8.5717,8.2954,8.3342,8.8144,8.24807,8.34922,0.968,1739.1,1722.3,0.0,A,0.01828,False,BJ2018
HIP 2364,418086483269878144,7.2372,7.2542,7.1848,7.2913,7.23642,7.27293,1.002,614.3,613.2,0.0,A,0.00062,False,BJ2018
TYC 3652-59-1,420186241238648576,4.2453,5.2866,3.7588,4.7654,5.07288,5.54497,1.245,3135.2,3232.8,0.0,B,0.13447,False,BJ2018
η Cas B,425040000962497792,5.6737,5.6814,5.6633,5.6846,5.67602,5.6868,1.001,-46.0,-45.5,0.0,A,0.0,False,BJ2018
2MASS J01031093+5918574,425851195719880704,7.2512,7.1902,7.0105,7.5185,7.1095,7.28452,0.992,1851.4,1829.4,0.0,A,0.00774,False,BJ2018
TYC 4018-414-1,429940696088223872,6.1506,6.5192,5.7847,6.5725,6.39272,6.6258,1.06,4556.2,4614.5,0.0,A,0.0503,False,BJ2018
TYC 4018-1304-1,431345700152035840,7.0857,7.0937,7.0046,7.1634,7.07445,7.11049,1.001,683.8,686.0,0.0,A,0.00116,False,BJ2018
HD 18768,434311667115069952,9.6454,9.5333,9.5817,9.7111,9.50873,9.55784,0.988,-460.7,-456.9,0.0,A,0.00035,False,BJ2018
ι Per,436648129327098496,8.2383,8.3391,8.1778,8.3018,8.3255,8.35807,1.012,-79.3,-79.0,0.0,B,0.0,False,BJ2018
TYC 3301-2418-1,437675210620383360,8.0992,8.8897,7.1638,9.2721,7.37146,11.7911,1.098,1015.5,1094.5,0.004,A,0.01175,False,BJ2018
13 Per,438829629114680704,6.5578,6.6678,6.3637,6.7589,6.63842,6.69504,1.017,-283.9,-285.4,0.0,B,4e-05,False,BJ2018
TYC 3322-300-1,440052423484915712,7.819,8.1039,7.5339,8.1062,8.02766,8.1865,1.036,-995.0,-1016.4,0.0,B,0.00184,False,BJ2018
2MASS J03091830+5417560,447201924824978176,7.6419,7.8197,6.4141,9.3575,7.07923,8.57754,1.023,-2257.7,-2291.5,0.0,A,0.01221,False,BJ2018
2MASS J02420997+5213417,452898430151491840,3.6114,3.919,3.3293,3.949,3.82119,4.02071,1.085,1156.3,1277.8,0.0,A,0.0099,False,BJ2018
2MASS J04143463+5928377,470339330267531520,8.0074,7.3098,7.5676,8.4915,7.14996,7.46609,0.913,4057.4,3698.4,0.0,A,0.10887,False,BJ2018
2MASS J04274299+5833258,470789889516124160,7.9158,8.3923,5.4539,14.7463,7.3714,9.63176,1.06,-3578.7,-3518.1,0.016,A,0.07321,False,BJ2018
HD 23983,473334915336067968,2.9492,3.3504,2.6531,3.2694,3.28268,3.42227,1.136,-4528.2,-4775.5,0.0,A,0.1323,False,BJ2018
TYC 4068-404-1,476470928654231680,3.8596,1.6096,3.5776,4.1817,1.50009,1.69699,0.417,-3832.9,-3868.4,0.0,B,0.22436,False,BJ2018
2MASS J05414645+6724452,481423094667311616,7.3567,6.9077,6.6713,8.1578,6.68689,7.15115,0.939,4596.3,4706.1,0.004,A,0.62397,False,BJ2018
2MASS J03514175+6323136,487182680172457984,2.3941,4.4639,1.7894,2.9814,4.26213,4.71179,1.865,3374.7,3487.4,0.0,B,0.14207,False,BJ2018
HD 26734,490797290285913984,6.8696,7.7599,6.3756,7.4199,7.62755,7.90047,1.13,2844.8,2542.3,0.0,B,0.15977,False,BJ2018
2MASS J05021451+7142330,499056306236909696,7.9258,7.9503,7.7471,8.106,7.87196,8.01403,1.003,1493.5,1487.0,0.0,A,0.03067,False,BJ2018
TYC 4354-440-1,500944167702333312,4.8629,4.6303,4.7263,5.0036,4.57975,4.68136,0.952,2697.9,2660.3,0.0,A,0.08815,False,BJ2018
2MASS J04124669+7200195,501151631802617728,6.0198,6.1152,5.763,6.2935,5.99384,6.25187,1.016,2658.1,2632.0,0.0,A,0.09,False,BJ2018
2MASS J02035875+5821177,505452852570429696,8.0065,7.9001,7.8341,8.1781,7.85258,7.9418,0.987,1076.3,1067.5,0.0,B,0.00636,False,BJ2018
TYC 4036-703-1,508869791120043776,6.5918,6.5696,6.5311,6.6471,6.55182,6.58864,0.997,641.0,642.7,0.0,A,0.00082,False,BJ2018
HD 7977,510911618569239040,0.4287,0.0377,0.3685,0.4943,0.01931,0.06335,0.088,-2788.4,-2764.7,0.0,B,0.02064,False,BJ2018
GJ 69,512129087182637696,8.9473,8.9379,8.9202,8.972,8.9262,8.94946,0.999,145.3,145.3,0.0,A,3e-05,False,BJ2018
2MASS J02084431+6332267,514869138877621376,6.1836,5.5705,5.4416,7.053,5.33836,5.82797,0.901,4453.2,4616.9,0.0,B,0.12786,False,BJ2018
GJ 49,522863309964987520,9.6781,9.6989,9.6582,9.6986,9.69278,9.70559,1.002,51.5,49.5,0.0,A,0.0,False,BJ2018
2MASS J01065566+6611548,525222930637242624,6.3168,6.1794,5.9977,6.6404,6.07645,6.27662,0.978,4359.9,4231.0,0.0,A,0.13649,False,BJ2018
TYC 4029-161-1,526053646029398528,8.6041,8.367,8.1566,9.0852,8.14908,8.58055,0.972,2325.6,2268.9,0.0,B,0.0291,False,BJ2018
Gaia DR3 530706366918780544,530706366918780544,8.059,10.1654,7.2424,9.1475,9.65124,12.76227,1.261,-4070.8,-4917.1,0.383,A,0.35966,False,BJ2018
2MASS J01015927+7052186,533476998783925248,7.0294,6.8972,6.7356,7.3511,6.7806,7.0128,0.981,1725.7,1709.0,0.0,A,0.01445,False,BJ2018
2MASS J02364579+7155040,545798229160475392,4.8394,4.603,4.6041,5.0709,4.54846,4.65287,0.951,2588.4,2595.8,0.0,A,0.06795,False,BJ2018
TYC 4511-1265-1,551806991486755072,6.7402,7.104,6.4607,7.028,7.0323,7.18165,1.054,-2767.0,-2756.7,0.0,A,0.15657,False,BJ2018
HD 30841,552966735735931648,3.8409,3.7558,3.7998,3.8857,3.74111,3.77013,0.978,1159.9,1147.6,0.0,A,0.00999,False,BJ2018
2MASS J05005698+7747003,552966735735929472,3.955,3.9707,3.8629,4.046,3.92504,4.0122,1.004,1148.5,1150.5,0.0,A,0.00874,False,BJ2018
TYC 4515-615-1,553219967007245312,1.8994,1.9485,1.86,1.9386,1.93479,1.96089,1.026,1666.4,1664.5,0.0,A,0.01734,False,BJ2018
GJ 56.5,560130775546153344,2.8391,2.8297,2.8082,2.8711,2.81643,2.84465,0.997,711.7,708.9,0.0,A,0.00067,False,BJ2018
TYC 4502-974-1,565449456886187136,8.7335,8.4278,8.1417,9.4064,8.1079,8.80666,0.965,2199.8,2160.2,0.0,B,0.04044,False,BJ2018
TYC 4506-1400-1,572047591805923200,10.9682,10.2569,10.3653,11.6571,10.13002,10.39359,0.935,3891.9,3901.1,0.0,A,0.36299,False,BJ2018
Gaia DR3 572239216066501376,572239216066501376,10.7772,10.789,10.3949,11.1514,10.70775,10.88479,1.001,3077.6,3106.6,0.0,A,0.15864,False,BJ2018
HD 7585,575472948481456256,3.3384,3.3876,3.3062,3.3712,3.37588,3.40196,1.015,1043.8,1041.1,0.0,A,0.00619,False,BJ2018
2MASS J08571134+0852255,585325118125769472,8.3993,8.006,7.8996,8.9464,7.7888,8.25802,0.953,-3700.2,-3799.5,0.0,A,0.37024,False,BJ2018
2MASS J09172289+0956305,590973206278482176,3.5265,3.6108,3.4255,3.6337,3.58478,3.63813,1.024,-1056.1,-1064.1,0.0,A,0.00309,False,BJ2018
Gaia DR3 603701328976020864,603701328976020864,10.0544,15.0273,6.5352,21.8999,12.38647,19.40819,1.495,2547.8,3577.6,0.098,B,0.10466,False,BJ2018
TYC 816-1217-1,609161533783544448,5.662,5.5926,5.4024,5.9334,5.5089,5.68544,0.988,-3124.2,-3209.5,0.0,A,0.2968,False,BJ2018
2MASS J09425550+1449484,617817988829564800,10.0859,10.0712,9.4518,10.8319,9.73505,10.43724,0.999,-2130.9,-2206.8,0.0,A,0.09977,False,BJ2018
Gaia DR2 652659794326868352,652659794326868352,5.4229,5.556,5.1813,5.6694,5.4881,5.61942,1.025,-453.5,-464.2,0.0,A,0.00021,False,BJ2018
2MASS J07573195+1523057,654696575194236288,7.1247,7.0683,6.8538,7.4091,6.98277,7.15149,0.992,-2257.7,-2266.1,0.0,A,0.13514,False,BJ2018
HIP 38492,675007406818629632,9.7288,9.8223,9.5566,9.8993,9.78496,9.86048,1.01,-537.1,-539.2,0.0,B,0.00319,False,BJ2018
GJ 3481,676689831406224128,7.9173,7.913,7.8816,7.9494,7.89051,7.93091,0.999,-177.4,-176.9,0.0,A,0.0002,False,BJ2018
10 Cnc,676768820148924416,5.1582,5.2171,5.1023,5.2115,5.19658,5.24338,1.011,611.1,615.9,0.0,A,0.00023,False,BJ2018
GJ 3478,681999884156922368,1.5954,1.551,1.5639,1.6326,1.53627,1.57099,0.972,1132.3,1125.7,0.0,A,0.00192,False,BJ2018
PM J08005+2553,682095339806345984,7.8236,7.7944,7.6705,7.9666,7.72951,7.85825,0.996,-361.8,-361.0,0.0,B,0.00065,False,BJ2018
II Cnc,692554890842416384,5.3686,5.5038,5.2747,5.4625,5.46147,5.54213,1.025,2001.9,2007.6,0.0,A,0.04521,False,BJ2018
StKM 1-780,696304088053991296,9.717,9.9377,9.4638,9.9901,9.88701,9.98895,1.023,910.1,926.7,0.0,A,0.00475,False,BJ2018
SAO 61519,701100673170441344,7.4798,6.2326,7.1852,7.7905,6.18381,6.28366,0.833,3085.9,2946.8,0.0,A,0.12779,False,BJ2018
Copernicus,704967037090946688,9.591,9.6113,9.5498,9.6296,9.59121,9.63077,1.002,-189.0,-188.8,0.0,A,0.00027,False,BJ2018
2MASS J08195239+2922388,708277288643796224,8.554,8.197,8.3051,8.8126,8.07763,8.30167,0.958,-1202.1,-1186.2,0.0,B,0.00232,False,BJ2018
TYC 2486-570-1,710658659030497280,4.1106,4.0126,4.0449,4.1753,3.99682,4.03042,0.976,919.7,911.1,0.0,A,0.00592,False,BJ2018
HD 76349,712966087261585664,9.3529,9.2271,9.2599,9.4458,9.18082,9.26431,0.987,-1265.2,-1256.8,0.0,A,0.00776,False,BJ2018
HD 76218,717094512905486976,6.689,6.5958,6.5654,6.8089,6.53706,6.65317,0.986,1781.5,1786.0,0.0,A,0.01571,False,BJ2018
HD 87680,740735868326858368,7.8516,7.8963,7.6993,7.9966,7.85873,7.93435,1.006,1435.5,1423.3,0.0,A,0.00145,False,BJ2018
20 LMi,746545172372256384,9.721,9.7381,9.6334,9.808,9.7142,9.762,1.002,-149.8,-149.7,0.0,A,0.00021,False,BJ2018
2MASS J10524612+3945081,776420926228023808,2.5545,3.3656,2.3022,2.8003,3.28817,3.44519,1.318,3867.1,3648.9,0.0,A,0.38784,False,BJ2018
2MASS J10592030+4225456,778450869506365184,1.2367,2.0008,0.9337,1.5654,1.96008,2.04656,1.618,-2534.3,-2536.4,0.0,A,0.20079,False,BJ2018
HD 95484,782221713353890816,5.9867,5.8661,5.8981,6.0845,5.8423,5.88647,0.98,1240.1,1245.1,0.0,A,0.0101,False,BJ2018
2MASS J10031933+4419369,809623226746037760,7.4099,7.6516,7.2228,7.6141,7.57782,7.71902,1.033,-1503.6,-1525.7,0.0,A,0.0534,False,BJ2018
2MASS J09273716+4225324,814521413608954624,3.58,3.6516,3.2632,3.9435,3.54833,3.76088,1.02,3078.3,3140.1,0.0,B,0.2157,False,BJ2018
GJ 380,823773494718931968,3.8243,3.8238,3.8124,3.8357,3.81737,3.83011,1.0,68.9,69.0,0.0,A,0.0,False,BJ2018
PM J10053+5218,827465242447332864,7.9716,8.0309,7.8455,8.0975,7.99569,8.06859,1.007,719.1,723.7,0.0,A,0.00169,False,BJ2018
2MASS J10564267+4824018,832607211653759360,5.587,5.7692,4.8741,6.5402,5.57362,5.9868,1.033,2404.1,2528.6,0.0,B,0.0151,False,BJ2018
2MASS J10564271+4824052,832607207358721792,9.0732,9.5148,8.1403,10.3058,9.2508,9.89633,1.049,2631.5,2744.2,0.0,B,0.08641,False,BJ2018
TYC 3447-789-1,837776428134040320,3.5457,3.75,3.4895,3.6013,3.73048,3.77102,1.058,1281.1,1276.3,0.0,A,0.04271,False,BJ2018
2MASS J11083917+6044358,861886205573209472,5.6357,6.7078,4.8107,6.8348,6.11502,7.35992,1.19,-2594.6,-2885.2,0.0,B,0.11831,False,BJ2018
2MASS J07385709+2328012,867332808220096256,8.9003,8.8101,8.2074,9.6455,8.45988,9.22687,0.99,-1749.2,-1784.6,0.0,B,0.05442,False,BJ2018
GJ 3464,873931909508892800,7.3751,7.3303,7.3249,7.43,7.3032,7.35583,0.994,436.2,435.2,0.0,A,8e-05,False,BJ2018
V377 Gem,875071278432954240,2.2485,2.2539,2.1983,2.3007,2.23721,2.27256,1.002,1329.5,1345.9,0.0,A,0.00721,False,BJ2018
Gaia DR3 891643736161459200,891643736161459200,7.2984,11.1416,6.7468,7.9095,10.66553,11.6353,1.527,2525.2,2671.6,0.0,B,0.0991,False,BJ2018
PM J07129+3547,897765743888715392,6.6933,6.6394,6.3865,7.0457,6.57816,6.69872,0.992,847.7,838.9,0.0,A,0.00448,False,BJ2018
DX Lyn,898639447612575104,6.201,6.1698,6.105,6.2998,6.11758,6.22153,0.995,1159.3,1153.9,0.0,A,0.00353,False,BJ2018
TYC 2961-1102-1,900481056573380608,10.4198,10.1202,9.2211,11.895,9.89415,10.32149,0.971,3533.9,3589.9,0.0,A,0.13436,False,BJ2018
2MASS J07295088+4014235,900485596354352384,6.7432,7.3083,6.4338,7.075,7.10411,7.54217,1.084,3896.8,3591.2,0.0,A,0.41482,False,BJ2018
GJ 3491,900887948891049856,9.8671,9.956,9.7987,9.9359,9.92543,9.98913,1.009,-364.4,-365.7,0.0,A,0.00032,False,BJ2018
HD 66046,907340329799610112,7.9349,7.9248,7.8558,8.0175,7.89676,7.9481,0.999,-665.3,-663.0,0.0,A,0.00637,False,BJ2018
2MASS J08300286+3815401,911145876981562496,4.4857,0.4739,4.2753,4.7111,0.29966,0.65051,0.106,3763.9,3690.2,0.0,B,0.15666,False,BJ2018
2MASS J08371505+4433363,917021667120592128,8.6261,8.555,8.4646,8.7878,8.49601,8.61528,0.992,1179.9,1183.8,0.0,A,0.01327,False,BJ2018
2MASS J07374299+4342528,925367368397040256,9.2645,8.5868,8.6934,9.8551,8.45028,8.74972,0.927,4058.2,4050.1,0.0,A,0.39483,False,BJ2018
TYC 3410-321-1,934289561658337792,7.8391,7.8716,7.748,7.9357,7.84694,7.89768,1.004,545.9,544.9,0.0,A,0.00429,False,BJ2018
Gaia DR3 939821616976287104,939821616976287104,0.9885,15.8645,0.9745,1.0019,14.14703,17.71728,16.049,-90.3,-1297.8,0.0,A,0.0241,False,BJ2018
SAO 59513,944387686902569728,6.5938,6.4616,6.4169,6.7708,6.42951,6.49756,0.98,-1830.1,-1802.6,0.0,A,0.02384,False,BJ2018
2MASS J07020955+3710165,946131027011850240,4.6393,4.7921,4.1513,5.1666,4.64178,4.9648,1.033,-3753.3,-3703.0,0.0,A,0.23011,False,BJ2018
TYC 2965-1381-1,949035180817927552,5.7452,6.2074,5.4508,6.0395,6.08759,6.32669,1.08,-3218.8,-3397.4,0.0,A,0.08565,False,BJ2018
2MASS J07112738+4309000,950052984987961472,4.6236,4.0544,4.0244,5.4738,3.865,4.29082,0.877,2660.3,2357.6,0.0,A,0.02377,False,BJ2018
HD 50720,950689984474189184,8.3875,8.5792,7.9043,8.9378,8.37643,8.88115,1.023,643.2,658.7,0.0,B,0.00123,False,BJ2018
HD 51611B,951361682999861888,1.7683,2.1878,1.6432,1.8914,2.16677,2.20507,1.237,1960.5,1945.3,0.0,A,0.06321,False,BJ2018
HD 51611,951361682999861504,2.4525,2.5821,2.2616,2.6445,2.55609,2.60936,1.053,1974.9,1960.3,0.0,A,0.02006,False,BJ2018
56 Aur,952326504452337792,7.9292,7.9273,7.8236,8.0394,7.89488,7.96793,1.0,528.8,526.0,0.0,A,0.0005,False,BJ2018
HD 43457,960104651569501696,7.2455,7.2491,7.1231,7.3663,7.21547,7.28104,1.0,1037.3,1027.7,0.0,A,0.0037,False,BJ2018
Gaia DR3 960500170815221248,960500170815221248,9.2847,10.2617,8.7741,9.8416,10.07396,10.47321,1.105,-2288.9,-2412.2,0.0,B,0.07297,False,BJ2018
TYC 2939-2318-1,961700047239559936,8.2817,8.0631,7.9651,8.6429,7.99445,8.13422,0.974,1737.8,1710.0,0.0,A,0.00929,False,BJ2018
TYC 3374-1389-1,963335807006167552,4.3724,4.1399,4.0955,4.6744,4.10387,4.18438,0.947,2515.3,2508.3,0.0,A,0.04445,False,BJ2018
2MASS J06065296+4611590,963337147035963392,4.1975,4.2151,4.0247,4.3836,4.11583,4.32043,1.004,2476.6,2526.9,0.0,A,0.0441,False,BJ2018
TYC 2949-1303-1,963836260891430784,6.565,5.5231,6.1189,7.0801,5.447,5.60918,0.841,4024.3,4018.7,0.0,A,0.0525,False,BJ2018
TYC 3394-2221-1,966600123887017216,5.7688,5.5259,5.5153,6.0435,5.48877,5.5676,0.958,1922.6,1906.5,0.0,A,0.07823,False,BJ2018
2MASS J06480197+4702020,966606751020145408,6.3038,5.8754,5.7296,6.8811,5.7672,5.96935,0.932,3014.5,2986.4,0.0,A,0.08401,False,BJ2018
PM J06175+4645,968701801708280448,7.3946,7.4568,7.2893,7.5057,7.42341,7.50101,1.008,410.5,414.4,0.0,A,0.00051,False,BJ2018
HD 40650,969752767321089792,4.7133,4.7039,4.6847,4.743,4.69377,4.71468,0.998,342.6,340.9,0.0,A,0.00042,False,BJ2018
HIP 29035,971931926350947712,5.732,5.6697,5.3717,6.1547,5.61656,5.73996,0.989,-4980.0,-4961.8,0.223,A,0.21016,False,BJ2018
GJ 272,974536192658255104,9.5017,9.5698,9.421,9.5837,9.53528,9.60039,1.007,358.4,360.0,0.0,A,0.00014,False,BJ2018
GJ 1095,974887555341533440,2.9438,2.9396,2.9229,2.9646,2.93351,2.9459,0.999,-188.0,-188.1,0.0,A,3e-05,False,BJ2018
22 Lyn,976893923544104576,9.0728,9.043,8.9706,9.1705,8.98558,9.1097,0.997,592.7,592.0,0.0,B,0.00196,False,BJ2018
HD 233316,979235226180420096,7.1724,7.1567,7.049,7.3003,7.1258,7.1826,0.998,1460.1,1435.5,0.0,A,0.0424,False,BJ2018
2MASS J07105220+5228183,981375326780564608,1.3375,1.3227,1.3055,1.3711,1.31162,1.33342,0.989,507.4,505.7,0.0,A,0.0011,False,BJ2018
Gaia DR3 984873869700410112,984873869700410112,8.6624,10.7393,7.2636,10.3875,10.01189,11.85567,1.24,4968.2,4928.0,0.398,B,0.27087,False,BJ2018
HD 233429,985195030175894912,8.6836,8.4647,8.5546,8.8161,8.43211,8.4969,0.975,831.3,823.8,0.0,A,0.00509,False,BJ2018
TYC 3785-593-1,987087491549682176,8.0901,8.179,6.7207,10.1335,8.03941,8.34057,1.011,2167.8,2119.2,0.0,B,0.09823,False,BJ2018
2MASS J07212113+5454397,987303343721612160,2.2573,2.2384,1.9774,2.6101,2.18341,2.31064,0.992,3818.2,3713.1,0.0,A,0.12769,False,BJ2018
2MASS J06202682+5232412,995616678124874240,6.3979,5.8196,5.2702,7.6923,5.6659,5.9911,0.91,3910.9,3991.1,0.0,A,0.28206,False,BJ2018
HIP 33322,999934361503498880,8.239,8.2355,8.1446,8.3309,8.20402,8.26231,1.0,612.0,610.8,0.0,A,0.00333,False,BJ2018
2MASS J06280768+6322170,1007441655099965824,3.9496,3.7929,3.7303,4.2059,3.67328,3.92031,0.96,2158.7,2131.1,0.0,A,0.04292,False,BJ2018
LFT 635,1022456104850892928,6.1646,6.1672,6.156,6.1729,6.16411,6.17123,1.0,-26.9,-26.8,0.0,A,0.0,False,BJ2018
LFT 634,1022456139210632064,6.1861,6.1923,6.1795,6.1923,6.1891,6.19512,1.001,-26.2,-25.7,0.0,A,0.0,False,BJ2018
2MASS J09162849+5347371,1022806295008257536,2.4598,3.2918,2.2624,2.6642,3.259,3.3345,1.338,-3742.0,-3870.4,0.0,A,0.4005,False,BJ2018
2MASS J09381853+5641076,1025217425224704640,5.8706,5.3348,5.5471,6.1792,5.27801,5.38462,0.909,1714.5,1668.8,0.0,A,0.11826,False,BJ2018
GJ 373,1051547052218220160,9.5783,9.586,9.5487,9.6073,9.57121,9.59903,1.001,-118.5,-117.8,0.0,A,6e-05,False,BJ2018
SZ UMa,1057318835428596096,8.1929,8.1948,8.1829,8.2024,8.19177,8.19851,1.0,-27.1,-27.1,0.0,A,0.0,False,BJ2018
GJ 3560,1062935140823485184,4.9078,4.9265,4.8546,4.9623,4.905,4.94684,1.004,401.4,400.5,0.0,A,0.00109,False,BJ2018
TYC 4138-222-1,1064350521526545664,4.2396,4.0605,4.1131,4.3684,4.02217,4.09758,0.958,3742.5,3748.8,0.0,A,0.15331,False,BJ2018
TYC 4385-1326-1,1072718182970553728,8.0849,7.0651,7.6439,8.533,6.95413,7.17749,0.874,-4784.5,-4908.9,0.055,A,0.14289,False,BJ2018
TYC 4387-523-1,1077669318190256384,8.2545,7.4842,7.9696,8.5399,7.41821,7.55539,0.907,4008.6,3946.9,0.0,A,0.28631,False,BJ2018
TYC 3790-1617-1,1082113436815158912,8.3916,8.0931,7.9871,8.815,8.01906,8.15244,0.964,2325.8,2320.8,0.0,A,0.14813,False,BJ2018
GJ 9236,1088813933689615872,6.6383,6.5971,6.6069,6.6681,6.58055,6.61181,0.994,188.6,188.3,0.0,A,4e-05,False,BJ2018
3 UMa,1092545710514654464,6.2806,6.272,6.1807,6.3795,6.23056,6.3207,0.999,880.0,876.7,0.0,A,0.00043,False,BJ2018
GJ 322,1092897519875582592,7.1655,7.1166,7.0456,7.2792,7.08403,7.1494,0.993,588.8,584.6,0.0,A,0.00154,False,BJ2018
PM J08394+6630,1093059521745795200,9.5385,9.4833,9.4039,9.6734,9.42619,9.54587,0.994,852.8,849.6,0.0,A,0.00624,False,BJ2018
TYC 4119-756-1,1101176430115605376,1.0421,1.3666,0.8912,1.1944,1.33178,1.39759,1.311,2249.9,2241.1,0.0,A,0.06498,False,BJ2018
TYC 4119-532-1,1101407430636864512,7.6753,7.7855,7.5886,7.7673,7.73982,7.82702,1.014,1384.5,1368.4,0.0,B,0.03177,False,BJ2018
2MASS J06084163+6608428,1104805849281240320,2.164,2.5031,2.0313,2.2905,2.46855,2.52951,1.157,3685.1,3804.1,0.0,A,0.321,False,BJ2018
2MASS J07265791+6938461,1108794774387604096,5.9359,6.222,5.7266,6.1584,6.16819,6.2765,1.048,3226.4,3206.6,0.0,A,0.33859,False,BJ2018
2MASS J06585364+7112217,1109980662099748992,7.2535,6.5311,6.6474,7.9258,6.38509,6.65944,0.9,4321.0,4374.7,0.0,A,0.37076,False,BJ2018
Gaia DR3 1111033998535509888,1111033998535509888,8.9189,11.8259,8.6347,9.1925,11.59579,12.02819,1.326,3394.2,3315.2,0.0,B,0.12574,False,BJ2018
2MASS J06432896+7100092,1112631000518628096,6.9972,7.6117,5.9543,8.4869,7.02979,8.31011,1.088,2865.5,3025.3,0.0,B,0.12335,False,BJ2018
2MASS J09163477+7157217,1120386444441223040,9.4154,9.4709,9.1821,9.6718,9.36636,9.58696,1.006,2150.3,2177.8,0.0,A,0.07768,False,BJ2018
TYC 4378-737-1,1121561238255614464,6.2185,5.9037,6.1356,6.3048,5.88223,5.92751,0.949,1261.3,1242.9,0.0,A,0.01191,False,BJ2018
HD 85582,1127584878348676864,7.0561,6.9242,5.6603,9.0811,6.3142,7.82414,0.981,1942.9,1997.3,0.0,B,0.0526,False,BJ2018
SAO 1772,1133183557198527232,4.5941,4.3387,4.4215,4.7707,4.30545,4.3745,0.944,-2540.2,-2483.8,0.0,A,0.06595,False,BJ2018
SAO 1950,1134618591670426112,2.3201,2.3575,2.3002,2.3413,2.35013,2.36411,1.016,726.4,726.1,0.0,A,0.00248,False,BJ2018
SAO 6452,1135643164710592768,5.4,5.6316,5.2577,5.5321,5.60162,5.66411,1.043,1914.0,1874.0,0.0,A,0.10798,False,BJ2018
SAO 1073,1143525701008243840,5.0028,5.1629,4.8805,5.1233,5.12928,5.18911,1.032,2885.8,2923.5,0.0,A,0.18518,False,BJ2018
Gaia DR3 1149302088424031616,1149302088424031616,6.6434,10.0176,6.1434,7.2412,9.43523,10.5777,1.508,1651.4,1521.2,0.0,B,0.04006,False,BJ2018
TYC 4635-1349-1,1150782649550151808,6.3439,6.1651,5.9287,6.8696,6.06275,6.28595,0.972,-4888.8,-4908.0,0.086,A,0.24102,False,BJ2018
SAO 1400,1151205136892473728,9.2422,9.2553,9.0896,9.4062,9.1834,9.3223,1.001,2699.6,2711.8,0.0,A,0.06589,False,BJ2018
HIP 74079,1155587858959873024,8.2469,9.4686,7.2932,9.3988,9.00418,10.11749,1.148,-2804.6,-2563.7,0.0,B,0.08621,False,BJ2018
TYC 920-1467-1,1166471473590868992,3.768,3.3173,3.1861,4.4134,3.16452,3.48515,0.88,4591.6,4733.5,0.0,A,0.79939,False,BJ2018
TYC 931-183-1,1168945653927869440,9.9505,9.7319,9.2178,10.7039,9.23918,10.30932,0.978,1524.5,1351.9,0.0,B,0.01865,False,BJ2018
Gaia DR3 1172934097996796544,1172934097996796544,4.7522,14.7796,3.9734,5.9017,13.74449,15.98256,3.11,4014.2,3686.7,0.0,B,0.20277,False,BJ2018
TYC 924-744-1,1184682826416242944,9.4258,9.6135,8.8765,9.9677,9.49279,9.76516,1.02,-2998.6,-3084.9,0.0,A,0.07924,False,BJ2018
CE Boo,1187851653287128576,8.6556,8.6865,8.5836,8.725,8.64594,8.73366,1.004,290.7,289.7,0.0,A,0.0003,False,BJ2018
TYC 2026-463-1,1221391362142668160,10.1197,10.2771,9.8338,10.4048,10.218,10.33368,1.016,2017.7,2019.8,0.0,A,0.10841,False,BJ2018
2MASS J14432921+1750362,1235090314948692864,2.9939,2.9395,2.8881,3.1028,2.89372,2.98956,0.982,892.8,889.7,0.0,A,0.00894,False,BJ2018
ξ Boo B,1237090738916392832,6.4265,6.4254,6.3484,6.5013,6.39033,6.4542,1.0,-266.3,-266.8,0.0,B,0.0004,False,BJ2018
GJ 535,1250801855073489280,7.1334,7.2077,7.0635,7.2026,7.18969,7.22421,1.01,364.6,368.4,0.0,A,0.00114,False,BJ2018
2MASS J15111491+2351099,1263715309904277632,7.5339,7.5455,7.1481,7.9432,7.36848,7.68066,1.002,1814.9,1809.1,0.0,A,0.01492,False,BJ2018
2MASS J14431222+2410101,1266749682823046144,6.3071,6.6857,5.7321,6.9578,6.50591,6.90083,1.06,-3144.9,-3337.3,0.0,A,0.01873,False,BJ2018
2MASS J15172854+2647145,1271249541536828416,3.7479,3.7002,3.6637,3.8337,3.66238,3.75125,0.987,1350.3,1326.2,0.0,B,0.00422,False,BJ2018
HIP 75246,1279014395730150528,6.5701,6.5569,6.5139,6.6254,6.5358,6.57358,0.998,925.1,924.4,0.0,A,0.0064,False,BJ2018
HO Boo,1279838754572750208,6.8865,6.9223,6.7944,6.9799,6.87758,6.96141,1.005,1166.8,1166.1,0.0,A,0.00085,False,BJ2018
HIP 70609,1283540844582413824,9.4344,7.6765,5.7588,25.5119,6.31201,9.87055,0.814,2095.5,1729.8,0.0,A,0.04105,False,BJ2018
PM J14337+3334,1287377556050427776,7.8681,7.9271,7.7456,7.9997,7.88674,7.97192,1.008,1066.6,1066.3,0.0,B,0.00704,False,BJ2018
2MASS J14523828+3735440,1294481088359001856,9.7467,9.2199,9.4305,10.0635,9.09257,9.34975,0.946,2297.5,2185.5,0.0,A,0.02317,False,BJ2018
Gaia DR3 1297420078643426048,1297420078643426048,10.5974,11.8769,8.7615,12.6431,11.38164,12.39764,1.121,4109.1,4344.7,0.0,B,0.45569,False,BJ2018
LSPM J1624+2254,1298694726154793856,7.237,7.9779,6.9274,7.5717,7.81662,8.11945,1.102,349.2,356.4,0.0,B,0.00103,False,BJ2018
2MASS J16434975+2404562,1300137457209202688,5.9079,5.2591,5.184,6.8721,4.94743,5.6267,0.89,4622.0,4599.8,0.062,A,0.30899,False,BJ2018
2MASS J16174320+2618151,1303675097215915264,7.5726,7.3526,6.0614,9.6305,6.82363,7.835,0.971,1629.1,1576.9,0.0,B,0.03349,False,BJ2018
2MASS J16280188+2820051,1305777986219345792,3.1846,3.1363,3.0384,3.3358,3.08901,3.17209,0.985,2360.5,2328.5,0.0,A,0.05149,False,BJ2018
TYC 2066-1168-1,1307841391587467136,6.5726,6.5328,6.5087,6.6411,6.51809,6.54636,0.994,623.1,622.5,0.0,A,0.00667,False,BJ2018
2MASS J16490313+3225473,1314087098669451904,9.0917,8.1282,8.5352,9.6966,7.98909,8.28944,0.894,4735.6,4721.7,0.0,A,0.74894,False,BJ2018
GJ 638,1314438839310796800,4.8503,4.8087,4.823,4.8791,4.79331,4.82381,0.991,229.7,228.8,0.0,A,0.00012,False,BJ2018
2MASS J16033518+3248208,1323157966519009792,5.4119,5.6823,5.0658,5.8344,5.59078,5.78353,1.05,4163.6,4285.7,0.0,A,0.0951,False,BJ2018
HD 145372,1323661710347457408,5.409,5.3433,5.3824,5.4355,5.33216,5.35427,0.988,466.4,465.6,0.0,A,0.00244,False,BJ2018
GJ 3968,1328078796458810240,6.0779,6.052,6.0457,6.1083,6.03275,6.07234,0.996,261.3,262.2,0.0,B,0.00046,False,BJ2018
TYC 2588-2512-1,1328392535220313472,8.786,8.5316,8.5023,9.0605,8.42365,8.62417,0.971,4609.3,4634.1,0.0,A,0.066,False,BJ2018
StKM 1-1337,1329230706678296448,4.2187,4.2725,4.1077,4.3411,4.23919,4.30616,1.013,1746.6,1740.1,0.0,A,0.00274,False,BJ2018
w Her,1333760419707327744,9.8501,9.9001,9.8128,9.8868,9.88456,9.91453,1.005,98.0,97.9,0.0,A,1e-05,False,BJ2018
2MASS J17183832+3339294,1334152979717957632,6.2432,6.1395,6.1594,6.3248,6.11195,6.16811,0.983,758.4,757.9,0.0,A,0.00718,False,BJ2018
TYC 2601-25-1,1339038419117705472,9.6777,9.9297,9.5926,9.7704,9.84976,9.98734,1.026,731.7,727.1,0.0,B,0.00712,False,BJ2018
Gaia DR3 1340753348019064064,1340753348019064064,8.4927,14.9051,7.7716,9.2933,14.45499,15.50832,1.755,3591.7,3891.4,0.0,B,0.09138,False,BJ2018
2MASS J17122617+3919328,1341223694181081216,6.9307,6.8696,6.7489,7.1165,6.81214,6.93775,0.991,2061.7,2057.1,0.0,A,0.05177,False,BJ2018
2MASS J17395636+3628579,1342120930029315584,9.5338,9.6065,9.2893,9.7662,9.51555,9.7207,1.008,938.0,940.8,0.0,B,0.00818,False,BJ2018
Gaia DR3 1344256559567678336,1344256559567678336,9.6475,10.8279,9.0983,10.2819,10.74531,10.90264,1.122,1752.4,1911.1,0.0,A,0.07555,False,BJ2018
2MASS J16544117+4536211,1359462637876921984,14.1335,12.7102,13.3912,14.944,12.38011,13.0663,0.899,4929.7,4921.4,0.195,A,0.71284,False,BJ2018
TYC 3501-2259-1,1359671682525702912,9.1606,9.1469,9.0556,9.2721,9.10514,9.19449,0.999,804.5,802.2,0.0,A,0.01155,False,BJ2018
GJ 4010,1362295082910131200,4.8122,4.802,4.794,4.8302,4.79372,4.80844,0.998,239.5,239.1,0.0,A,0.00022,False,BJ2018
2MASS J17551482+5337450,1369039177997222016,2.5688,3.2533,1.8946,3.9629,3.11237,3.36425,1.266,1459.2,1749.7,0.0,A,0.01319,False,BJ2018
HIP 78074,1373471446806995456,7.5388,7.5246,7.442,7.6329,7.49846,7.55285,0.998,856.0,857.5,0.0,A,0.00416,False,BJ2018
GJ 611 A,1379500756257031808,7.9146,7.8799,7.8925,7.9369,7.86975,7.8904,0.996,165.2,165.1,0.0,A,0.00024,False,BJ2018
SAO 45474,1392610405193517952,2.4322,2.469,2.2722,2.6113,2.4037,2.54454,1.015,699.9,705.6,0.0,B,0.00381,False,BJ2018
PM J15083+4132,1392907032814774528,7.3872,7.4118,7.2541,7.5183,7.3588,7.46634,1.003,976.1,980.8,0.0,A,0.00984,False,BJ2018
SAO 45450,1395381071416346368,8.5384,9.4672,8.2017,8.9085,9.38828,9.5744,1.109,4164.4,4213.9,0.0,A,0.04586,False,BJ2018
HIP 79308,1398997262081156352,6.2576,6.2678,6.2092,6.3074,6.24921,6.28791,1.002,749.4,752.6,0.0,A,0.00356,False,BJ2018
TYC 3082-869-1,1405903294614847232,9.1168,9.0584,8.9958,9.2377,9.03302,9.08997,0.994,797.4,799.1,0.0,A,0.00839,False,BJ2018
V1082 Her,1410680191601184896,6.3907,6.5133,6.2706,6.5213,6.44264,6.5902,1.019,2379.6,2414.5,0.0,A,0.00477,False,BJ2018
2MASS J17091049+5822186,1433757497559469568,6.1986,6.8559,5.7418,6.7405,6.67571,7.06671,1.106,2323.5,2478.1,0.0,A,0.01978,False,BJ2018
Gaia DR3 1435460980373050368,1435460980373050368,9.9456,10.0543,9.2669,10.7796,9.86908,10.24813,1.011,1467.8,1485.9,0.0,B,0.004,False,BJ2018
2MASS J13471907+2354556,1444023946865108096,2.6895,2.268,2.4562,2.9252,2.23079,2.30846,0.843,-4181.8,-4299.2,0.0,A,0.15158,False,BJ2018
GJ 519,1471777269618346240,8.1451,8.1562,8.0721,8.2176,8.12755,8.19238,1.001,315.7,315.2,0.0,A,0.00053,False,BJ2018
TYC 3046-556-1,1489632754338029056,8.1726,8.3928,7.9881,8.3809,8.30099,8.47634,1.027,-2987.5,-2973.4,0.0,A,0.11525,False,BJ2018
2MASS J14025061+4336474,1499378516169037184,9.3425,9.3302,9.0013,9.6895,9.19446,9.46769,0.999,962.6,971.0,0.0,A,0.00652,False,BJ2018
HIP 68134,1502565381902524672,9.0747,8.9243,8.9579,9.2093,8.87886,8.9768,0.983,-1942.0,-1931.3,0.0,A,0.00348,False,BJ2018
GJ 521,1503625448550796032,4.7386,4.7224,4.6749,4.8047,4.71279,4.73172,0.997,174.3,174.1,0.0,A,1e-05,False,BJ2018
GJ 537 A,1508886439891509248,6.6777,6.6894,6.6226,6.738,6.67046,6.70608,1.002,171.4,171.7,0.0,A,8e-05,False,BJ2018
GJ 532,1510834911934401152,7.8401,7.8693,7.8122,7.868,7.85223,7.88822,1.004,213.2,213.2,0.0,A,0.00017,False,BJ2018
10 CVn,1521686782461765888,6.4858,6.5005,6.4531,6.5191,6.49112,6.51206,1.002,-184.2,-184.0,0.0,A,0.00018,False,BJ2018
GJ 9393,1536232908980349952,8.6859,8.6615,8.6144,8.7635,8.63995,8.68193,0.997,-326.3,-324.4,0.0,A,0.00092,False,BJ2018
TIC 1001152795,1549775731138150400,2.9387,2.8809,2.828,3.0634,2.82023,2.93516,0.98,2038.6,2032.2,0.0,A,0.00393,False,BJ2018
HIP 60678,1571927729343569792,5.8085,5.7505,5.6263,5.9824,5.70847,5.80109,0.99,3624.6,3645.0,0.0,A,0.16294,False,BJ2018
TYC 3480-155-1,1592532817765682304,8.5621,8.7023,8.3393,8.7776,8.64082,8.76276,1.016,2125.7,2115.1,0.0,A,0.0868,False,BJ2018
PM J14296+6011,1618217031433314432,6.738,6.8724,6.594,6.883,6.79584,6.94978,1.02,829.9,841.5,0.0,A,0.00365,False,BJ2018
PX Dra,1619736556503017984,4.0788,2.065,1.7141,27.2705,1.51651,3.18401,0.506,3374.6,2194.6,0.031,A,0.10042,False,BJ2018
2MASS J16155428+5758110,1622310341425074304,11.2884,10.3527,8.3573,16.5808,9.79495,10.84077,0.917,4551.3,4701.3,0.051,B,0.52353,False,BJ2018
SAO 17498,1632719001391997696,1.0943,2.0227,0.9472,1.2297,1.96593,2.07988,1.848,1884.8,1896.0,0.0,B,0.03944,False,BJ2018
TYC 4197-973-1,1636590381834345088,3.7925,3.8025,3.734,3.8529,3.78264,3.82782,1.003,1437.4,1431.1,0.0,A,0.05445,False,BJ2018
GJ 675,1637110042813188608,8.2134,8.1922,8.1829,8.2448,8.17644,8.20961,0.997,190.9,190.8,0.0,A,0.00025,False,BJ2018
SAO 17560,1637709517168157440,4.0326,4.0217,3.9804,4.0866,3.99217,4.04821,0.997,1427.4,1454.0,0.0,A,0.02645,False,BJ2018
2MASS J16094516+6536058,1642029017317454336,2.7885,2.7123,2.7411,2.8353,2.70046,2.72817,0.973,1111.9,1101.4,0.0,A,0.02114,False,BJ2018
GJ 617 A,1642641410934267008,8.5302,8.5662,8.4786,8.5799,8.5467,8.59116,1.004,197.4,196.9,0.0,A,0.00023,False,BJ2018
2MASS J16101415+6825221,1643745045730263808,8.1429,8.297,7.9758,8.3055,8.24572,8.34379,1.019,1294.6,1298.5,0.0,A,0.03856,False,BJ2018
2MASS J16572440+7116047,1650275491964364928,3.0085,2.7963,2.8765,3.1504,2.60667,2.98081,0.929,2867.9,2845.1,0.0,A,0.06864,False,BJ2018
GJ 689,1651235193817400448,6.5085,6.5226,6.4384,6.577,6.48899,6.54774,1.002,672.1,672.1,0.0,A,0.00119,False,BJ2018
LTT 14084,1661568850770761600,3.6723,3.6815,3.637,3.7075,3.66619,3.69775,1.003,319.3,321.1,0.0,A,9e-05,False,BJ2018
HIP 67133,1664106420528799872,9.7992,9.74,9.6712,9.9253,9.68214,9.79808,0.994,975.0,975.4,0.0,A,0.00096,False,BJ2018
TYC 4175-627-1,1667946671047170432,3.6632,3.0485,3.3825,3.9591,2.98688,3.12001,0.832,3219.5,3260.7,0.0,A,0.06877,False,BJ2018
TYC 4165-747-1,1677139412888916608,2.3549,1.8324,2.0324,2.6991,1.68085,1.96355,0.778,1722.7,1599.5,0.0,B,0.05191,False,BJ2018
TYC 4168-870-1,1677486755484450304,5.5055,5.8392,5.2466,5.7712,5.78085,5.9077,1.061,4181.5,4121.5,0.0,A,0.24448,False,BJ2018
TYC 4169-228-1,1678522250623852160,9.3189,7.3059,9.1443,9.5132,7.20429,7.42279,0.784,2472.5,2427.1,0.0,B,0.09529,False,BJ2018
2MASS J12523356+6554512,1679004558270924288,6.59,7.1788,6.1403,7.0921,6.91145,7.43622,1.089,3968.3,4088.8,0.0,A,0.31411,False,BJ2018
Gaia DR3 1682556878477598080,1682556878477598080,6.83,10.2673,6.5815,7.0911,10.0201,10.50723,1.503,3167.7,3187.6,0.0,B,0.25555,False,BJ2018
2MASS J12331543+7223030,1689785308437026176,2.7743,2.2311,2.2454,3.3166,2.11365,2.34903,0.804,4132.5,4213.5,0.0,A,0.36718,False,BJ2018
Gaia DR3 1693272581363394304,1693272581363394304,5.6104,7.9372,2.4111,27.0065,4.42532,21.95768,1.415,1242.8,-1210.8,0.0,A,0.13947,False,BJ2018
TYC 4418-957-1,1697467630540397312,5.55,5.1521,5.1502,5.9733,5.05525,5.26566,0.928,4280.6,4258.8,0.0,A,0.2515,False,BJ2018
2MASS J13141942+8211508,1719232050895728896,8.9,8.7071,8.3103,9.5488,8.40578,9.06079,0.978,2902.6,2930.4,0.0,A,0.12453,False,BJ2018
2MASS J14512509+8241106,1722395208409386624,5.881,5.5082,5.626,6.1624,5.41106,5.60522,0.937,4293.5,4268.3,0.0,A,0.47461,False,BJ2018
2MASS J14594591+8347085,1722612190157591680,1.7718,0.6412,1.4306,2.1714,0.53225,0.81583,0.362,4484.1,4491.9,0.008,A,0.70991,False,BJ2018
TY UMi,1724059113100593920,7.0408,6.2687,4.8026,12.7168,5.04203,8.29206,0.89,2812.7,2360.5,0.012,B,0.13222,False,BJ2018
SAO 2442,1725609974250486272,6.3743,6.3741,6.2727,6.4729,6.34517,6.40644,1.0,1728.0,1700.9,0.0,A,0.06644,False,BJ2018
GJ 818,1736838805468812160,7.8181,7.8147,7.793,7.8418,7.8034,7.82649,1.0,160.9,160.8,0.0,A,0.00012,False,BJ2018
2MASS J21332294+0745333,1740723036452304768,10.9458,10.4457,10.4514,11.4724,10.32884,10.54427,0.954,2737.2,2692.6,0.0,A,0.25356,False,BJ2018
PM J20354+0618,1747799282834756352,9.1139,9.0588,9.0248,9.205,8.99963,9.11579,0.994,656.4,649.3,0.0,A,0.00055,False,BJ2018
TYC 1093-1218-1,1750960584922554880,8.8271,8.6196,8.2436,9.5339,8.54227,8.69681,0.976,-2783.9,-2755.6,0.0,A,0.0126,False,BJ2018
HD 198089,1761037029171296000,9.7457,9.5505,9.6621,9.8303,9.5151,9.58192,0.98,1118.5,1106.6,0.0,A,0.0019,False,BJ2018
GJ 851,1776317182780536064,4.3237,4.3533,4.2809,4.3676,4.34283,4.36523,1.007,188.6,189.6,0.0,A,6e-05,False,BJ2018
HD 201545,1789231256087445120,7.2297,6.9957,7.1182,7.3459,6.95478,7.02837,0.968,1708.6,1690.3,0.0,A,0.01239,False,BJ2018
TYC 1662-1962-1,1791617849154434688,0.5792,0.8196,0.5033,0.6543,0.80844,0.82987,1.415,-1509.2,-1537.6,0.0,A,0.02065,False,BJ2018
2MASS J21154260+2207447,1791650800143511936,6.5772,6.6788,6.3904,6.7729,6.62983,6.73142,1.015,1739.7,1703.3,0.0,A,0.06013,False,BJ2018
SAO 89884,1797619876971810944,7.741,7.8007,7.6571,7.82,7.77014,7.8302,1.008,821.9,825.6,0.0,A,0.00804,False,BJ2018
2MASS J21441932+2613081,1799629539413684992,2.6415,1.4208,2.1095,3.2383,1.30704,1.5288,0.538,3402.8,3349.5,0.0,B,0.32493,False,BJ2018
HIP 99398,1806745376818054784,9.8425,9.3863,9.1714,10.5379,9.2676,9.56204,0.954,4562.3,4517.0,0.0,A,0.26403,False,BJ2018
WDS J19578+1344A,1807101820438206464,7.3126,7.3139,6.6417,8.1583,7.04651,7.58154,1.0,4112.3,4047.6,0.0,A,0.03739,False,BJ2018
HD 190866,1807912882065195776,8.1614,7.9843,8.0338,8.3015,7.94276,8.02033,0.978,1291.4,1286.0,0.0,A,0.01081,False,BJ2018
2MASS J20342382+1720452,1811847076402732544,3.6611,3.7168,3.1713,4.3005,3.56632,3.9071,1.015,3173.6,3372.9,0.0,A,0.16013,False,BJ2018
2MASS J20425906+2106088,1817792135773696512,8.5067,8.3447,7.8927,9.2334,8.16926,8.51703,0.981,1177.2,1156.0,0.0,A,0.0085,False,BJ2018
TYC 1623-1411-1,1824953907883525376,3.8201,3.9644,3.6024,4.0441,3.88653,4.04125,1.038,2755.8,2770.2,0.0,A,0.0319,False,BJ2018
PM J19546+2013,1826261983123386240,5.3578,5.3978,5.3278,5.3873,5.38113,5.4137,1.007,538.4,540.1,0.0,B,0.00026,False,BJ2018
Gaia DR3 1829236505642934016,1829236505642934016,7.5375,11.5945,6.46,8.8026,10.43298,12.78911,1.538,1351.8,1632.3,0.0,B,0.03095,False,BJ2018
HD 340215,1832950037451796864,5.2251,4.8008,4.9223,5.5498,4.75375,4.84215,0.919,2837.9,2835.4,0.0,A,0.0774,False,BJ2018
TYC 2158-661-1,1834029513040910336,6.8695,7.0455,6.6961,7.0517,6.9768,7.10331,1.026,2170.2,2162.8,0.0,A,0.01588,False,BJ2018
HD 339908,1835698232409107072,8.9993,9.1074,8.8699,9.1393,9.07963,9.14017,1.012,1254.2,1251.0,0.0,A,0.00901,False,BJ2018
HD 201346,1851343114622517504,6.3363,6.3339,6.2992,6.3727,6.31984,6.34918,1.0,544.4,543.0,0.0,A,0.0006,False,BJ2018
HD 198313,1858162251387183488,7.9917,7.9759,7.9374,8.0467,7.95595,7.99829,0.998,649.8,647.8,0.0,A,0.00051,False,BJ2018
GJ 808.2,1858219151114884352,7.6752,7.4828,7.5136,7.8361,7.39095,7.57776,0.975,1970.6,1954.1,0.0,B,0.00707,False,BJ2018
HD 335007B,1859794815691718528,4.9195,5.0765,4.6612,5.2189,4.9699,5.16019,1.032,1724.2,1763.2,0.0,A,0.01459,False,BJ2018
HD 334770,1862467801480215296,1.8081,2.2646,1.6293,1.9872,2.23871,2.2902,1.252,2401.8,2429.2,0.0,A,0.06096,False,BJ2018
2MASS J20352230+3255485,1863566415445911936,6.6114,7.511,6.1112,7.2196,7.35329,7.69082,1.136,2080.0,2066.1,0.0,B,0.01663,False,BJ2018
2MASS J20591338+3249343,1865807739846604160,8.13,8.0013,7.5787,8.8292,7.77445,8.22748,0.984,2672.2,2644.5,0.0,A,0.01169,False,BJ2018
TYC 2695-972-1,1869457946659416064,4.604,4.66,4.5074,4.7046,4.60964,4.70175,1.012,2228.0,2234.6,0.0,A,0.01718,False,BJ2018
TYC 2713-607-1,1871445554440099584,5.9715,6.0443,5.914,6.0329,6.02404,6.06903,1.012,1089.2,1093.4,0.0,A,0.00244,False,BJ2018
2MASS J20575422+3754509,1871757983231779840,4.4196,4.3146,4.3399,4.5053,4.28376,4.34958,0.976,1438.5,1421.1,0.0,A,0.00283,False,BJ2018
61 Cygni B,1872046574983497216,2.7938,2.7937,2.79,2.7975,2.79179,2.79558,1.0,19.1,19.1,0.0,A,0.0,False,BJ2018
61 Cygni A,1872046609345556480,2.793,2.7925,2.7887,2.7971,2.79055,2.79454,1.0,18.8,18.8,0.0,A,0.0,False,BJ2018
2MASS J21035745+3830235,1872130584544682240,4.6707,4.7059,4.4707,4.8706,4.66178,4.74467,1.008,1220.1,1227.7,0.0,A,0.00199,False,BJ2018
2MASS J22580292+2740581,1883517436186003840,8.0959,8.1561,7.5559,8.7106,7.99011,8.30969,1.007,4414.2,4345.2,0.0,A,0.41643,False,BJ2018
2MASS J22504712+3305067,1890643267967128064,3.9,3.8304,3.8461,3.9541,3.81488,3.84922,0.982,308.6,306.2,0.0,A,0.00128,False,BJ2018
TYC 2719-1045-1,1896985766432012032,6.4241,6.4655,6.3566,6.4879,6.44719,6.48955,1.006,841.2,841.5,0.0,A,0.00349,False,BJ2018
2MASS J22072132+3102472,1898393347473499520,7.0399,7.0333,6.8261,7.2682,6.94829,7.10631,0.999,1183.2,1185.4,0.0,A,0.00641,False,BJ2018
TYC 2737-1885-1,1899041887537334784,6.4772,6.6984,6.3612,6.5938,6.66194,6.73726,1.034,1419.2,1431.5,0.0,B,0.03465,False,BJ2018
Gaia DR3 1907934359624914816,1907934359624914816,7.681,10.9217,7.0399,8.4041,10.53223,11.32102,1.422,2547.7,2633.5,0.0,B,0.0177,False,BJ2018
StKM 1-2090,1914060563535397376,4.1477,3.9093,3.9115,4.4194,3.84556,3.97358,0.943,1114.7,1130.0,0.0,B,0.00393,False,BJ2018
2MASS J23051008+3548265,1914972780229886208,8.1664,7.4224,7.7182,8.6557,7.28416,7.54245,0.909,2733.9,2776.8,0.0,A,0.513,False,BJ2018
TYC 2762-1673-1,1915640389946957312,3.7935,3.8601,3.7092,3.8787,3.8354,3.88811,1.018,1376.8,1391.0,0.0,A,0.01756,False,BJ2018
2MASS J22472074+3855181,1929092777274267776,7.6565,7.533,7.4528,7.875,7.46057,7.61078,0.984,2382.3,2390.2,0.0,A,0.12589,False,BJ2018
SAO 53262,1939144718734910208,7.2303,7.1938,7.1869,7.2762,7.18391,7.20669,0.995,290.3,289.0,0.0,A,0.00012,False,BJ2018
2MASS J23155649+4626043,1941191077374243840,12.8799,10.8614,12.1031,13.6712,10.65512,11.1034,0.843,4846.9,4906.4,0.098,A,0.91888,False,BJ2018
2MASS J21593327+3955396,1959223381607211136,7.2723,7.1916,7.026,7.5387,7.11561,7.28017,0.989,3097.9,3102.8,0.0,A,0.04033,False,BJ2018
HD 203611,1963897783497986560,4.7544,4.6239,4.6567,4.8462,4.59304,4.65439,0.973,2872.0,2840.3,0.0,A,0.01581,False,BJ2018
TYC 3191-786-1,1966497372583076352,8.1936,8.1683,7.8699,8.5049,8.07784,8.2537,0.997,2680.7,2720.8,0.0,A,0.05828,False,BJ2018
2MASS J21171596+4335136,1971455757698644352,9.4511,9.3526,9.1976,9.7005,9.26109,9.43535,0.99,3604.9,3564.8,0.0,A,0.03647,False,BJ2018
HD 210731,1975429427091671808,3.6621,3.6068,3.6044,3.7184,3.58127,3.62645,0.985,1954.6,1934.8,0.0,A,0.00204,False,BJ2018
2MASS J22390380+4556144,1983338970139017472,9.055,9.3074,7.5706,11.2865,9.20205,9.39982,1.028,2849.5,2828.2,0.0,A,0.18844,False,BJ2018
2MASS J22202485+4644154,1987218837438195200,8.9925,8.5473,8.5962,9.4283,8.43807,8.64911,0.95,3734.4,3751.7,0.0,A,0.2009,False,BJ2018
2MASS J23132454+5051532,1991878322898007936,7.0464,6.6971,6.8029,7.2853,6.63606,6.75078,0.95,2054.0,2006.4,0.0,A,0.03122,False,BJ2018
TYC 4004-943-1,1997533802696030848,11.4823,6.2949,10.6317,12.3568,5.95992,6.68353,0.548,4966.6,4649.4,0.0,B,0.37116,False,BJ2018
GJ 895,2009439555118168832,6.2602,6.2571,6.2164,6.3061,6.23689,6.27435,1.0,297.8,297.7,0.0,A,0.00014,False,BJ2018
GJ 892,2009481748875806976,6.2773,6.2867,6.2672,6.2878,6.28326,6.2906,1.002,26.1,26.2,0.0,A,0.0,False,BJ2018
HIP 117795,2011565220332867584,1.0475,1.0468,1.0433,1.0515,1.04506,1.04834,0.999,91.4,91.3,0.0,B,1e-05,False,BJ2018
2MASS J19390580+2700348,2025087594143966592,9.6153,9.3874,9.4025,9.8374,9.29621,9.47949,0.976,940.1,926.6,0.0,A,0.00407,False,BJ2018
PM J19284+2854,2026408043220034176,8.3436,8.5431,8.0614,8.6349,8.43488,8.65365,1.024,1505.6,1529.9,0.0,A,0.00162,False,BJ2018
Gaia DR2 2030011108461619328,2030011108461619328,9.5247,10.0094,9.0683,10.0272,9.68467,10.33435,1.051,3774.7,3707.0,0.0,A,0.07227,False,BJ2018
WDS J20007+2951AB,2030169983573792896,9.1675,8.8252,8.879,9.4433,8.70102,8.96025,0.963,2420.3,2353.8,0.0,A,0.01438,False,BJ2018
2MASS J19475072+2910475,2031727888467900416,7.8785,7.7761,7.7534,8.0,7.72905,7.81833,0.987,1019.0,1002.1,0.0,A,0.00256,False,BJ2018
2MASS J19372301+2938085,2032412574979479424,6.3958,6.5032,6.0329,6.7864,6.31735,6.70195,1.017,1908.0,1902.8,0.0,B,0.00937,False,BJ2018
TYC 2150-2012-1,2032412579317036800,6.8934,6.9324,6.7313,7.0641,6.89933,6.96561,1.006,1942.8,1961.1,0.0,A,0.01027,False,BJ2018
2MASS J19554563+3141070,2033634858287012096,9.2049,9.1498,8.7584,9.7167,8.91093,9.40737,0.994,4701.9,4740.4,0.035,A,0.04342,False,BJ2018
2MASS J19005303+2612534,2036774960377681408,5.2128,4.9318,4.8258,5.6159,4.81071,5.11973,0.946,4168.9,4124.5,0.0,A,0.05855,False,BJ2018
TYC 2135-130-1,2037777714981109504,8.578,8.6334,8.4373,8.731,8.59422,8.66604,1.006,903.0,902.8,0.0,A,0.00116,False,BJ2018
2MASS J19150478+2825079,2038186492795045632,8.2581,8.33,7.6739,8.9392,8.14921,8.55569,1.009,3092.6,3122.0,0.0,A,0.09494,False,BJ2018
2MASS J19171748+2851255,2038228961432629376,7.3956,7.8224,5.616,10.5859,6.67053,9.68408,1.058,2400.1,2538.6,0.0,A,0.02535,False,BJ2018
TYC 2653-24-1,2038853136126345728,6.0249,5.882,5.6928,6.3535,5.81361,5.94817,0.976,3405.8,3378.5,0.0,A,0.0704,False,BJ2018
2MASS J19042654+3134292,2042774784866405376,8.1605,6.0506,7.7476,8.5903,5.95142,6.15682,0.741,1587.9,1533.4,0.0,B,0.01454,False,BJ2018
GJ 738 A,2043885295914531072,4.9948,4.948,4.9481,5.0392,4.92312,4.97588,0.991,305.5,304.5,0.0,B,7e-05,False,BJ2018
TYC 2648-1970-1,2044549332216183296,7.0602,7.1074,6.9961,7.1222,7.08019,7.13445,1.007,1003.4,1006.5,0.0,A,0.00181,False,BJ2018
TYC 2655-2676-1,2044828161518914304,8.5568,8.5379,8.4767,8.638,8.51283,8.56439,0.998,890.1,890.0,0.0,A,0.00142,False,BJ2018
GJ 758,2046207670631964928,8.1907,8.1811,8.1312,8.2509,8.148,8.2125,0.999,511.8,511.8,0.0,A,0.00019,False,BJ2018
2MASS J19365729+3627577,2048495990544659968,1.0262,0.9655,0.7335,1.3006,0.87622,1.07994,0.941,3870.9,3819.8,0.0,B,0.15201,False,BJ2018
HIP 96019,2051459075605941504,5.1625,5.0129,4.9345,5.4164,4.96046,5.07794,0.971,3409.0,3372.5,0.0,A,0.0456,False,BJ2018
SAO 68435,2051459071304926336,6.9818,6.7324,6.7668,7.2222,6.68912,6.7872,0.964,3537.9,3477.2,0.0,A,0.1191,False,BJ2018
2MASS J19374725+3856399,2052216913998526336,8.6571,8.8477,8.0482,9.3514,8.5312,9.1829,1.022,2014.6,2102.0,0.0,B,0.05847,False,BJ2018
2MASS J20205122+3322081,2054657172667888512,6.5372,5.6561,5.9927,7.1203,5.52975,5.75531,0.865,4773.0,4827.7,0.023,A,0.07302,False,BJ2018
HD 228239,2055616844476467072,4.4529,4.4122,4.4048,4.5,4.39855,4.42556,0.991,687.2,690.2,0.0,A,0.00066,False,BJ2018
HD 227427,2058149363365391872,8.9934,9.4944,8.748,9.2266,9.40046,9.58599,1.056,3912.1,3990.1,0.0,A,0.01918,False,BJ2018
HD 228355,2062177424198039936,5.642,4.8937,4.9944,6.4486,4.58858,5.2339,0.867,3745.7,3834.7,0.004,B,0.06784,False,BJ2018
TYC 3153-669-1,2064036320386774144,8.8508,8.2324,8.3851,9.3481,8.1232,8.34499,0.93,3749.8,3816.6,0.0,A,0.02855,False,BJ2018
GJ 806,2070115588901082368,9.2633,9.1748,9.1838,9.3471,9.14888,9.20148,0.99,198.1,199.1,0.0,A,2e-05,False,BJ2018
2MASS J20314780+4342158,2070539416273105280,6.318,6.9569,5.1539,8.1587,6.20529,8.00605,1.101,2562.7,2819.1,0.0,A,0.00355,False,BJ2018
TYC 3165-48-1,2070718082611569408,1.9776,2.1647,1.8523,2.1038,2.14122,2.18997,1.095,1527.3,1534.5,0.0,A,0.00589,False,BJ2018
HD 186306,2078105327586616704,5.2277,5.225,5.1996,5.2557,5.21475,5.23645,0.999,426.3,426.7,0.0,A,0.00011,False,BJ2018
HD 188100,2078878456059034880,8.5165,8.5148,8.4574,8.5777,8.49601,8.53613,1.0,492.5,492.0,0.0,A,0.00018,False,BJ2018
TYC 3561-1663-1,2080632520701306880,3.6209,3.4213,3.4928,3.7519,3.39477,3.44524,0.945,2555.2,2496.8,0.0,A,0.09228,False,BJ2018
HIP 99859,2080702820726568832,7.1082,7.1699,6.8327,7.389,7.11259,7.22838,1.009,4169.1,4217.2,0.0,A,0.08861,False,BJ2018
HR 7756,2081722205447961088,6.9247,6.8653,6.8454,7.0048,6.84176,6.88576,0.991,735.1,728.8,0.0,A,0.00029,False,BJ2018
2MASS J20082467+4507282,2082039895582335360,8.9439,9.106,8.4187,9.5003,8.90165,9.33534,1.018,3191.5,3231.9,0.0,A,0.0269,False,BJ2018
2MASS J20134084+4725307,2084133017823809536,6.3792,6.881,5.9517,6.8028,6.74957,7.03656,1.079,3686.3,3650.9,0.0,A,0.02165,False,BJ2018
TYC 3566-1046-1,2086977660562460928,8.1462,8.1507,8.0354,8.255,8.13335,8.16838,1.001,386.1,385.3,0.0,A,0.00024,False,BJ2018
2MASS J18462444+3120227,2089889682751105536,2.4727,2.4743,2.4269,2.5208,2.45796,2.49178,1.001,1039.9,1036.5,0.0,A,0.00621,False,BJ2018
Gaia DR3 2091406497700682880,2091406497700682880,7.436,10.9703,6.4279,8.6664,10.49461,11.46865,1.475,3652.9,3451.4,0.0,B,0.12965,False,BJ2018
SAO 67339,2091791601647748864,8.3787,8.261,8.0662,8.6988,8.15254,8.37539,0.986,4308.3,4282.4,0.0,A,0.3824,False,BJ2018
2MASS J18575010+3352400,2092086266467081600,6.8695,7.0895,5.1125,10.2554,5.83295,8.37565,1.032,2398.4,2305.2,0.0,B,0.03039,False,BJ2018
SAO 67483,2093059265534968192,8.9015,8.9054,8.8324,8.9716,8.87885,8.93452,1.0,805.2,801.8,0.0,A,0.00526,False,BJ2018
2MASS J18570749+3642540,2093726188056436992,6.5828,6.6298,6.4996,6.6663,6.59317,6.65933,1.007,661.9,662.0,0.0,A,0.00388,False,BJ2018
2MASS J18522513+3711079,2093977602563479424,3.7649,3.6855,3.6386,3.8851,3.63739,3.72018,0.979,2252.8,2255.6,0.0,A,0.06437,False,BJ2018
TYC 2628-825-1,2094226779384668544,8.5805,8.6362,8.4851,8.6845,8.59293,8.67781,1.006,1290.4,1285.4,0.0,A,0.01877,False,BJ2018
HD 172149,2097863517172455552,8.2997,8.3011,7.9327,8.689,8.22199,8.38303,1.0,2926.6,2982.2,0.0,A,0.15807,False,BJ2018
2MASS J19071745+3911529,2100394279405389824,1.8898,1.6459,1.6644,2.1215,1.6055,1.67888,0.871,3810.4,3808.9,0.0,A,0.25718,False,BJ2018
2MASS J19152852+4411002,2103089873896751232,5.8497,6.0704,5.6178,6.1073,5.97818,6.15694,1.038,2034.9,1999.5,0.0,A,0.06277,False,BJ2018
2MASS J18223872+3803560,2108214216555519232,5.5089,5.3752,5.3338,5.6997,5.34021,5.41823,0.976,2536.2,2501.5,0.0,A,0.14888,False,BJ2018
Gaia DR3 2109794347906365952,2109794347906365952,5.5508,9.8997,4.0024,9.5194,8.15213,15.19229,1.783,2372.8,4285.6,0.266,A,0.30248,False,BJ2018
GJ 4064,2110851841872084096,7.0945,7.0235,7.0392,7.1518,7.00638,7.04487,0.99,193.2,191.4,0.0,A,7e-05,False,BJ2018
TYC 3111-1737-1,2112738122787629056,8.3099,8.5775,8.1135,8.5226,8.515,8.65195,1.032,1854.6,1884.2,0.0,A,0.00626,False,BJ2018
GJ 9622,2115351387048328832,5.3566,5.3659,5.3359,5.3762,5.35677,5.37573,1.002,334.1,334.3,0.0,A,0.00031,False,BJ2018
GJ 9634,2117279002732678656,7.6883,7.6796,7.649,7.7284,7.6616,7.70128,0.999,532.8,532.6,0.0,A,0.00218,False,BJ2018
2MASS J18281721+4504249,2118161223373978624,2.0282,1.9809,1.9923,2.0668,1.96903,1.99505,0.977,777.9,774.9,0.0,A,0.00083,False,BJ2018
TYC 3526-2675-1,2118610751830501376,7.2567,7.1363,6.9474,7.5736,7.04225,7.24639,0.983,4504.2,4546.9,0.0,A,0.33867,False,BJ2018
V401 Dra,2122104690545294208,4.9383,4.9143,4.7724,5.1129,4.87238,4.95256,0.995,747.6,745.2,0.0,A,0.00311,False,BJ2018
TYC 3533-1557-1,2123860816773198208,7.35,7.4456,7.2613,7.4382,7.42186,7.47784,1.013,1249.1,1247.8,0.0,A,0.0252,False,BJ2018
HD 234648,2124052372314582400,8.5118,8.502,8.3845,8.6421,8.46949,8.54975,0.999,-1359.8,-1344.4,0.0,A,0.02403,False,BJ2018
2MASS J18121145+5152419,2125189061179114368,9.4731,9.2226,9.3189,9.6258,9.15968,9.29614,0.974,1656.8,1638.0,0.0,A,0.05548,False,BJ2018
TYC 3556-878-1,2128215909315876352,6.0318,6.1336,5.8212,6.2513,6.1041,6.17388,1.017,2336.1,2318.7,0.0,A,0.03543,False,BJ2018
TYC 3560-1833-1,2128607442834887552,1.4937,1.5664,1.3568,1.6359,1.54672,1.58694,1.049,3231.6,3227.5,0.0,A,0.0465,False,BJ2018
TYC 3560-2104-1,2128853114964897152,5.2692,4.9016,5.0809,5.4658,4.68259,5.16515,0.93,-1645.8,-1550.2,0.0,B,0.00927,False,BJ2018
TYC 3551-71-1,2129738251882205184,8.7346,9.0369,7.8438,9.6412,8.79199,9.25208,1.035,2469.6,2505.4,0.0,A,0.272,False,BJ2018
HD 176693,2131593785132997632,7.0957,7.1102,6.9814,7.2042,7.08045,7.14131,1.002,1569.0,1579.5,0.0,A,0.00476,False,BJ2018
TYC 3550-1545-1,2132901791652476416,9.0715,8.8753,8.695,9.4604,8.77757,8.96199,0.978,3319.9,3296.1,0.0,A,0.06834,False,BJ2018
2MASS J19051722+5321102,2134603247238373632,8.7347,8.9721,7.7749,9.8477,8.83442,9.14696,1.027,3327.1,3512.3,0.0,A,0.24241,False,BJ2018
TYC 3569-1952-1,2137048084361939584,11.3582,10.6528,10.7578,11.9555,10.48858,10.787,0.938,4315.9,4287.3,0.0,A,0.43269,False,BJ2018
2MASS J18354868+5132204,2145104652732576640,2.6253,3.0592,2.3772,2.864,3.00872,3.11762,1.165,4476.4,4340.7,0.0,A,0.36739,False,BJ2018
2MASS J18233885+5501565,2149060042733822336,9.0087,9.1573,8.6806,9.372,8.98692,9.35929,1.016,2195.6,2188.1,0.0,A,0.10999,False,BJ2018
LSPM J1848+6135,2156787612316358144,9.8744,9.759,9.7366,10.0118,9.68245,9.81856,0.988,446.7,441.4,0.0,A,0.00052,False,BJ2018
TYC 4201-219-1,2159038656214469376,5.6772,5.7133,5.5356,5.8178,5.65836,5.77501,1.006,2103.8,2088.8,0.0,A,0.01379,False,BJ2018
2MASS J20570369+4539446,2163133615476116096,6.41,3.6316,6.1682,6.698,3.44593,3.83834,0.567,2151.7,2416.3,0.0,B,0.0035,False,BJ2018
TYC 3596-626-1,2165560138870569728,9.2827,9.3769,9.2058,9.3643,9.35674,9.39487,1.01,656.9,658.5,0.0,A,0.0006,False,BJ2018
2MASS J20482491+4516139,2166241595556885632,4.0979,4.1362,3.9263,4.2787,4.07799,4.19691,1.009,1649.6,1652.8,0.0,A,0.00077,False,BJ2018
HD 235453,2169310744818673280,5.7424,5.5068,5.5355,5.9559,5.48745,5.52865,0.959,1774.0,1765.3,0.0,A,0.01229,False,BJ2018
TYC 3600-295-1,2169506526605133824,9.8432,9.7334,9.6636,10.0236,9.68374,9.79262,0.989,1788.8,1783.4,0.0,A,0.01345,False,BJ2018
TYC 3601-1521-1,2175364518401105152,9.894,9.9513,9.6673,10.1414,9.89689,10.03956,1.006,2474.1,2467.3,0.0,A,0.0046,False,BJ2018
TYC 3585-2749-1,2180987592673770112,8.4145,8.355,8.0289,8.8357,8.25069,8.44632,0.993,896.7,890.8,0.0,A,0.0003,False,BJ2018
TYC 3585-1854-1,2181060023001589248,9.2583,9.3077,9.1418,9.3783,9.26037,9.35601,1.005,1337.8,1331.7,0.0,A,0.00419,False,BJ2018
2MASS J20215349+5427438,2185235448459177600,7.4007,7.3128,7.2914,7.508,7.27146,7.35904,0.988,566.6,562.6,0.0,A,0.00197,False,BJ2018
3 Cep,2195115561168483712,7.6275,7.7563,7.3805,7.8921,7.7303,7.78416,1.017,112.9,113.9,0.0,B,2e-05,False,BJ2018
GJ 809,2195886971653527168,5.8147,5.7952,5.7875,5.8415,5.78193,5.80937,0.997,124.2,124.7,0.0,A,1e-05,False,BJ2018
2MASS J21065377+6241442,2196158791543586816,9.2193,9.8287,8.6943,9.7745,9.5378,10.0691,1.066,3858.1,3993.3,0.0,A,0.18883,False,BJ2018
2MASS J20120519+5806137,2236080787437262720,4.5847,4.5606,4.3931,4.7807,4.51118,4.61482,0.995,3070.4,3036.5,0.0,A,0.05877,False,BJ2018
SAO 18429,2242463692950536832,4.8349,4.6506,4.6064,5.0675,4.5929,4.71028,0.962,3371.8,3366.6,0.0,A,0.32935,False,BJ2018
2MASS J20311812+6240483,2243413980238711296,8.409,7.8049,7.4835,9.6085,7.60042,8.0757,0.928,2768.1,2637.5,0.0,B,0.0092,False,BJ2018
2MASS J19492202+6530032,2247714685610373760,3.6742,3.4987,3.5069,3.8558,3.445,3.55435,0.952,2319.4,2319.8,0.0,B,0.13816,False,BJ2018
TYC 4242-1472-1,2248855772520651648,7.4277,7.3647,7.3312,7.5192,7.32587,7.4026,0.992,1596.9,1583.3,0.0,A,0.01735,False,BJ2018
2MASS J20071820+7142289,2251710791901569024,1.3441,1.5551,1.1916,1.4961,1.52066,1.59521,1.157,2721.7,2712.6,0.0,A,0.03327,False,BJ2018
2MASS J19052904+6223009,2252238523122400256,8.7306,8.7893,6.2669,13.7794,7.67058,10.39875,1.007,2190.7,2239.2,0.0,B,0.04684,False,BJ2018
TYC 4228-889-1,2255798806195501568,9.6178,9.952,9.3169,9.919,9.8548,10.06105,1.035,2829.1,2849.1,0.0,A,0.21281,False,BJ2018
HD 170592,2256811873018976640,9.2249,9.1223,9.1378,9.3086,9.08579,9.15403,0.989,1616.7,1609.3,0.0,A,0.02591,False,BJ2018
Alsafi,2261614264931057664,5.1035,5.0956,5.0861,5.1205,5.08931,5.10161,0.998,-46.3,-46.4,0.0,B,0.0,False,BJ2018
Gaia DR3 2265473928700390912,2265473928700390912,13.761,13.0596,12.958,14.6351,12.88414,13.26138,0.949,4924.7,4969.6,0.262,A,0.88777,False,BJ2018
GJ 4194,2272191085754928768,2.4406,2.4189,2.4286,2.4521,2.41422,2.42223,0.991,334.3,332.9,0.0,A,6e-05,False,BJ2018
TYC 4451-509-1,2274401001046023168,8.623,7.675,8.1584,9.126,7.56049,7.7861,0.89,4158.7,4123.8,0.0,A,0.61664,False,BJ2018
2MASS J20510167+7216071,2275101282577211904,8.5183,9.0314,8.1265,8.8958,8.89723,9.14358,1.06,3207.1,3206.6,0.0,A,0.2526,False,BJ2018
2MASS J21081346+7356212,2276816421933079168,4.54,4.4722,4.3523,4.7268,4.3451,4.62544,0.985,2746.0,2702.6,0.0,A,0.06451,False,BJ2018
SAO 9879,2297135018855651072,4.3622,4.3687,4.333,4.3904,4.35793,4.38085,1.001,708.6,704.9,0.0,A,0.00112,False,BJ2018
UCAC4 882-004334,2304806620720326272,7.9749,8.0048,7.7481,8.198,7.90971,8.09123,1.004,1305.0,1302.1,0.0,A,0.02305,False,BJ2018
GJ 1,2306965202564744064,4.2599,4.2615,4.2575,4.2625,4.26035,4.2628,1.0,-6.5,-6.5,0.0,B,0.0,False,BJ2018
HD 224143,2341662319204156928,3.3808,3.0835,3.2294,3.5511,2.96442,3.23875,0.912,-2182.8,-2201.6,0.0,B,0.01994,False,BJ2018
RGO 6407,2344290701750814464,8.5915,8.772,8.0532,9.1439,8.57838,8.93612,1.021,-3191.5,-3209.1,0.0,A,0.02665,False,BJ2018
Gaia DR2 2344819773001649024,2344819773001649024,6.5265,6.8637,6.3172,6.7515,6.71933,7.04992,1.052,-1802.6,-1868.3,0.0,B,0.00641,False,BJ2018
StKM 1-8,2364698805792480768,5.6182,5.5559,5.3605,5.9028,5.47059,5.62749,0.989,-2292.6,-2270.6,0.0,A,0.0074,False,BJ2018
GJ 4352,2395413147718069504,8.7786,8.7433,8.7058,8.8542,8.70101,8.7901,0.996,-352.6,-351.9,0.0,A,0.00102,False,BJ2018
GJ 884,2396530698208685312,7.4974,7.5081,7.4746,7.5185,7.49853,7.51907,1.001,-85.7,-85.4,0.0,A,5e-05,False,BJ2018
2MASS J22574079-1353535,2411055654832710016,9.5973,9.5213,9.476,9.7275,9.45924,9.58337,0.992,1223.9,1212.5,0.0,A,0.02254,False,BJ2018
SAO 147189,2417069815934357248,2.1741,2.3196,2.1038,2.246,2.29643,2.34559,1.067,2223.7,2324.2,0.0,A,0.03351,False,BJ2018
HD 361,2417456431710276096,7.4905,7.7203,7.2859,7.712,7.59992,7.83347,1.031,-2985.0,-3067.8,0.0,A,0.04448,False,BJ2018
2MASS J23440206-1227545,2432574269914995200,7.5723,7.7821,7.3711,7.7879,7.72156,7.83842,1.028,-915.8,-937.9,0.0,A,0.00218,False,BJ2018
2MASS J02121444-0556070,2488063082715769728,8.3878,8.6947,6.2051,12.534,8.24023,9.12918,1.037,2674.0,2893.9,0.0,A,0.17872,False,BJ2018
2MASS J01081336+0033496,2537833232461443712,5.0621,5.059,4.7692,5.3656,4.97977,5.1532,0.999,1274.1,1260.0,0.0,A,0.00409,False,BJ2018
2MASS J00244539+0027102,2543827112725877632,5.8029,5.1328,5.4549,6.142,5.02552,5.2108,0.885,2417.3,2421.0,0.0,A,0.19826,False,BJ2018
GJ 33,2552925644460225152,7.2665,7.2693,7.255,7.2776,7.26455,7.2734,1.0,31.0,31.0,0.0,A,1e-05,False,BJ2018
StKM 1-99,2553195883802687104,4.9722,5.0143,4.8407,5.1198,4.9524,5.06494,1.008,990.2,1003.6,0.0,A,0.00249,False,BJ2018
GJ 70,2560771312759450496,9.8417,9.8727,9.7982,9.8874,9.8592,9.88666,1.003,101.3,100.8,0.0,A,0.0001,False,BJ2018
2MASS J01172592+0315343,2562653436148026880,3.8184,3.4744,3.5321,4.1502,3.40074,3.55041,0.91,2054.5,2053.9,0.0,A,0.13092,False,BJ2018
GJ 74,2575383100738086656,9.4936,9.4471,9.3708,9.6228,9.38691,9.5023,0.995,-921.6,-918.5,0.0,A,0.0016,False,BJ2018
2MASS J01244040+1208018,2586616806743814912,9.1778,8.5138,8.679,9.726,8.38267,8.64022,0.928,-1342.7,-1259.0,0.0,B,0.01355,False,BJ2018
TYC 627-832-1,2588479894837159808,7.8494,7.4026,7.2048,8.5379,7.28691,7.50892,0.943,2809.2,2852.1,0.0,A,0.13835,False,BJ2018
RX J2237.9-1432A,2597671777686368128,5.0218,4.2824,4.1751,6.2412,3.90573,4.70601,0.853,-3846.0,-3591.2,0.0,A,0.19251,False,BJ2018
TYC 5802-244-1,2620268184745385728,3.7848,3.9838,3.6229,3.9543,3.96665,4.00068,1.053,1848.9,1890.6,0.0,A,0.07336,False,BJ2018
HR 8734,2648914040357320576,2.3578,2.3245,2.3173,2.3983,2.30332,2.34822,0.986,1466.8,1439.8,0.0,A,0.00638,False,BJ2018
2MASS J21221800+0312099,2692702984287116416,3.6646,4.1842,3.2592,4.1629,4.01658,4.37707,1.142,-3946.6,-4238.6,0.004,A,0.25892,False,BJ2018
2MASS J22214718+1257398,2733840455925562624,8.0669,8.2747,7.4854,8.7293,7.98042,8.52257,1.026,-3184.3,-3199.2,0.0,B,0.01534,False,BJ2018
TYC 1703-30-1,2738129616426300160,6.3325,6.7009,6.1184,6.5491,6.64124,6.75972,1.058,1913.5,1943.9,0.0,A,0.07255,False,BJ2018
GJ 9784,2738145555048846080,9.5513,9.5429,9.4967,9.6037,9.5129,9.57274,0.999,380.3,379.6,0.0,A,0.00153,False,BJ2018
BR Psc,2739689239311660672,2.8065,2.8259,2.798,2.8152,2.822,2.82962,1.007,62.2,62.4,0.0,A,1e-05,False,BJ2018
HD 223374,2742801956727994880,9.6994,9.8619,9.5847,9.811,9.80182,9.91813,1.017,1097.5,1103.4,0.0,B,0.01042,False,BJ2018
GJ 16,2752746111688997248,2.4933,2.5072,2.3777,2.6196,2.4807,2.53088,1.006,1037.2,1035.7,0.0,A,0.00716,False,BJ2018
UPM J2327+0845,2761165175302182656,8.684,9.1059,6.3849,12.8505,8.28186,10.11804,1.049,-2273.7,-2390.4,0.0,A,0.01196,False,BJ2018
HD 1407,2797517675415860864,9.3997,9.5334,9.2542,9.5384,9.50159,9.56837,1.014,-1422.5,-1435.1,0.0,A,0.00288,False,BJ2018
54 Psc,2802397960855105920,7.6606,7.6165,7.627,7.6961,7.59976,7.6332,0.994,173.9,174.0,0.0,A,0.00016,False,BJ2018
HIP 115860,2814457541828905728,8.8004,8.8079,8.7456,8.8524,8.78252,8.83505,1.001,518.9,518.3,0.0,A,0.00398,False,BJ2018
2MASS J23205082+1711574,2817994086619235072,4.5964,4.6376,4.5091,4.6827,4.58647,4.6925,1.009,653.9,655.2,0.0,A,0.00748,False,BJ2018
V580 Peg,2818377919256477568,2.9152,2.7939,1.9834,5.2165,2.30344,3.49498,0.958,-1307.0,-1246.8,0.004,B,0.02091,False,BJ2018
HD 223020,2820069517896275840,7.7868,8.1397,7.3444,8.2903,7.98178,8.3128,1.045,-2761.9,-2748.2,0.0,B,0.04805,False,BJ2018
StKM 1-2155,2820070445609210624,9.1256,8.9972,8.7472,9.5328,8.84429,9.15932,0.986,-3334.1,-3296.0,0.0,A,0.08016,False,BJ2018
EQ Peg A,2824770686019003904,6.2592,6.2398,6.2529,6.2648,6.22546,6.25183,0.997,0.4,-30.6,0.0,B,0.0,False,BJ2018
HD 219828,2824958015312906240,8.8069,8.224,8.5376,9.0867,8.1558,8.29384,0.934,2892.6,2883.8,0.0,A,0.15908,False,BJ2018
GJ 880,2828928008202069376,5.3611,5.3681,5.3408,5.3803,5.35782,5.377,1.001,93.7,93.7,0.0,A,1e-05,False,BJ2018
GJ 4306,2830099469122381056,4.5534,4.6048,4.4937,4.6155,4.5821,4.63099,1.011,473.3,479.0,0.0,A,0.00163,False,BJ2018
Helvetios,2835207319109249920,6.6475,6.687,6.5292,6.7678,6.66488,6.71075,1.006,370.5,371.0,0.0,A,0.00041,False,BJ2018
SAO 73914,2855386174976559488,8.3391,8.3633,7.9464,8.7515,8.31363,8.41408,1.003,1129.2,1127.9,0.0,A,0.00213,False,BJ2018
2MASS J00302870+2815394,2857835612005601152,9.7376,9.8811,9.5343,9.9318,9.79567,9.96653,1.015,998.6,997.3,0.0,A,0.0061,False,BJ2018
2MASS J23363968+2515149,2864373514303832064,9.2458,9.083,8.5598,10.0394,8.89159,9.28918,0.982,1341.8,1324.4,0.0,A,0.01711,False,BJ2018
2MASS J00102883+3500273,2876056718701791360,5.7289,5.827,5.6158,5.8465,5.76838,5.90558,1.017,1603.2,1600.1,0.0,A,0.0819,False,BJ2018
TYC 7083-491-1,2883422621974755584,3.1961,3.148,3.0971,3.2932,3.12859,3.16941,0.985,-2143.0,-2142.7,0.0,A,0.01224,False,BJ2018
Gaia DR2 2884020756300548096,2884020756300548096,7.943,8.4431,7.2905,8.7025,8.25731,8.60816,1.063,-2111.2,-2170.6,0.0,B,0.10164,False,BJ2018
PM J06093-3549,2885863400349980288,4.4565,4.1919,4.0093,4.9742,4.10212,4.27187,0.941,-714.5,-675.0,0.0,A,0.00065,False,BJ2018
2MASS J06033353-3516041,2886084092949006208,7.4767,7.515,7.2534,7.717,7.41275,7.62385,1.005,-2708.3,-2711.4,0.0,A,0.18357,False,BJ2018
2MASS J06004985-3323470,2889541782140976768,8.3926,8.2803,8.1852,8.5936,8.1903,8.37446,0.987,-2459.5,-2452.3,0.0,A,0.05493,False,BJ2018
2MASS J06281558-3141096,2892428240682954496,2.4504,2.3864,2.3544,2.5511,2.35434,2.42348,0.974,2448.2,2410.4,0.0,A,0.09846,False,BJ2018
TYC 7087-953-1,2894448455860985088,2.6897,2.9983,2.6067,2.7792,2.94428,3.04767,1.115,-480.6,-498.6,0.0,B,0.00164,False,BJ2018
2MASS J06041961-3019094,2897069588500381568,6.3442,5.698,6.1516,6.5287,5.62651,5.76998,0.898,-2289.7,-2247.5,0.0,B,0.15995,False,BJ2018
2MASS J06090001-2823587,2897900372614905984,7.7465,7.5897,7.5388,7.9733,7.5098,7.66976,0.98,-768.2,-758.5,0.0,B,0.00106,False,BJ2018
TYC 6514-1723-1,2899039432302133632,3.2743,3.2239,3.1146,3.4501,3.18362,3.27009,0.985,-1997.8,-1946.6,0.0,A,0.01354,False,BJ2018
2MASS J05271123-3112175,2905064992242441088,6.3377,4.3337,5.7527,6.9441,4.2338,4.42201,0.684,-4368.9,-4308.3,0.0,A,1.10155,False,BJ2018
Gaia DR3 2907455059940536064,2907455059940536064,9.8081,10.1014,8.4351,11.7917,9.69365,10.40358,1.03,-2482.0,-2500.9,0.0,A,0.03781,False,BJ2018
2MASS J06050973-2703479,2910316951269216256,6.1713,6.1968,6.0384,6.3087,6.1195,6.26941,1.004,-923.2,-935.7,0.0,A,0.01747,False,BJ2018
TYC 6500-1647-1,2911175257533670272,6.4282,6.4588,6.3616,6.4986,6.43334,6.48606,1.005,-1128.4,-1125.6,0.0,A,0.01993,False,BJ2018
V352 CMa,2913411183149615744,6.7352,6.7355,6.6792,6.7978,6.70479,6.76916,1.0,-629.5,-630.2,0.0,A,0.00031,False,BJ2018
HD 39323,2914093223954419072,9.9397,9.9535,9.8651,10.0203,9.93514,9.97601,1.001,-664.6,-665.8,0.0,A,0.008,False,BJ2018
Gaia DR3 2915071376986487552,2915071376986487552,9.6958,12.2057,9.1266,10.3411,11.69767,12.71558,1.259,-1419.0,-1436.6,0.0,B,0.02578,False,BJ2018
2MASS J06455837-2943313,2918342149203525632,2.1245,2.4582,1.9454,2.3198,2.38902,2.52579,1.157,-3571.9,-3370.6,0.0,A,0.17944,False,BJ2018
TYC 6533-614-1,2918776799893970816,4.8373,5.4855,4.6902,4.9924,5.42871,5.55039,1.134,-2448.2,-2467.5,0.0,A,0.08582,False,BJ2018
HD 49792,2918972135006872960,7.3592,7.806,7.1285,7.5983,7.754,7.85261,1.061,-3029.3,-2966.6,0.0,A,0.23031,False,BJ2018
TYC 6530-23-1,2919165202376591360,4.899,5.9162,4.6231,5.2156,5.79215,6.0598,1.208,-3407.0,-3648.6,0.0,B,0.18283,False,BJ2018
PM J06522-2623,2919383519853573504,9.8776,10.096,9.7111,10.0518,10.00961,10.1749,1.022,-939.3,-948.7,0.0,A,0.00155,False,BJ2018
TYC 6526-284-1,2921779325631149312,8.2285,8.2439,7.7693,8.7507,8.05683,8.47356,1.002,-2888.0,-2900.1,0.0,A,0.01441,False,BJ2018
2MASS J06574973-2410196,2922311695416355200,8.2878,8.3484,7.287,9.3366,8.05755,8.67785,1.007,-4281.6,-4417.3,0.0,B,0.19943,False,BJ2018
2MASS J06594343-2254212,2922536167594428160,8.9466,9.1504,8.214,9.7159,9.00309,9.36641,1.023,-2899.5,-2851.6,0.0,B,0.08487,False,BJ2018
2MASS J06362219-2624091,2922983119064439168,7.5735,7.5315,7.5044,7.6434,7.50641,7.5606,0.994,-559.0,-558.4,0.0,A,0.00261,False,BJ2018
TYC 6510-105-1,2924249653380114304,6.671,6.4797,6.3598,6.961,6.4283,6.53479,0.971,-2886.7,-2909.9,0.0,A,0.14664,False,BJ2018
HD 44821,2924339469735490560,1.7393,1.7323,1.7057,1.7726,1.71734,1.74852,0.996,-1947.7,-1954.9,0.0,A,0.00405,False,BJ2018
2MASS J06254274-2408350,2924378502398307840,0.88,0.9172,0.8028,0.957,0.90283,0.93103,1.042,-1841.3,-1874.2,0.0,A,0.08962,False,BJ2018
ATO J098.9684-23.6270,2924689939068674944,7.9698,8.2769,6.7316,9.6726,7.21427,14.64537,1.039,-4672.6,-4977.9,0.488,A,0.29348,False,BJ2018
TYC 6507-1775-1,2924895856979532160,12.8211,11.8992,11.9344,13.7917,11.6353,12.23811,0.928,-4550.6,-4595.6,0.0,B,0.69768,False,BJ2018
2MASS J06481416-2334315,2925245467319467008,7.1603,7.1277,7.0445,7.2834,7.08246,7.17608,0.995,-1466.5,-1462.5,0.0,A,0.01403,False,BJ2018
2MASS J06425522-2218083,2926370198994626560,6.1044,6.0608,5.8752,6.3386,5.90859,6.194,0.993,-3706.8,-3767.5,0.0,B,0.07298,False,BJ2018
TYC 5960-1542-1,2926618619904861184,5.0085,3.4948,3.5669,8.6566,3.34223,3.63496,0.698,-3699.9,-3862.9,0.0,B,0.26459,False,BJ2018
SAO 172059,2926732831673735168,0.9165,0.8223,0.8198,1.0139,0.81414,0.83095,0.897,-1680.2,-1661.8,0.0,A,0.02777,False,BJ2018
TYC 6524-2492-1,2927911542505230848,7.8801,7.2363,7.4267,8.3213,7.11551,7.35888,0.918,-4967.7,-4925.8,0.184,A,0.12976,False,BJ2018
WDS J07030-2241AB,2928521084265214720,5.8165,9.7793,5.3935,6.3229,7.98228,11.98082,1.681,-2164.0,-3568.7,0.066,B,0.03486,False,BJ2018
HD 52613,2928798848387843456,8.6806,8.6595,8.6215,8.7397,8.63918,8.68091,0.998,-694.9,-693.1,0.0,A,0.00091,False,BJ2018
2MASS J06593659-2148100,2928862620064679296,2.4588,1.9855,2.2208,2.707,1.92873,2.06745,0.808,-4662.2,-4757.9,0.0,A,0.4873,False,BJ2018
2MASS J07063575-1941319,2929582147342817408,5.7038,5.2825,5.3132,6.1255,5.16106,5.43507,0.926,-2964.4,-2841.3,0.0,A,0.05351,False,BJ2018
HD 49995,2933503521200215424,1.0621,0.9807,0.7508,1.3957,0.90833,1.04596,0.923,-4245.0,-4031.3,0.0,A,0.08472,False,BJ2018
HR 2705,2934241052985789568,5.2435,5.0276,5.136,5.3662,4.97045,5.071,0.959,-1279.5,-1288.2,0.0,B,0.00646,False,BJ2018
2MASS J07141931-1641348,2934903817980369408,5.8535,5.8268,5.4769,6.287,5.72058,5.97998,0.995,-2306.0,-2293.8,0.0,A,0.00243,False,BJ2018
TYC 5964-3044-1,2935478518964837248,7.3575,6.9898,7.1602,7.5514,6.94968,7.03152,0.95,-1223.9,-1193.6,0.0,B,0.00716,False,BJ2018
2MASS J06210028-2355593,2936443993245681024,6.7801,6.6878,6.4781,7.0757,6.56636,6.80213,0.986,4419.6,4367.8,0.0,A,0.07448,False,BJ2018
TYC 6506-2262-1,2936454026290685056,6.2407,6.2308,6.1831,6.2947,6.21328,6.25075,0.998,-900.9,-899.6,0.0,A,0.00607,False,BJ2018
2MASS J06301548-2101390,2938904524172464896,7.2077,7.1872,7.0768,7.3458,7.15493,7.2267,0.997,-971.1,-977.0,0.0,A,0.00579,False,BJ2018
TYC 5956-2289-1,2939572791024031488,5.3871,5.5201,5.039,5.768,5.4458,5.59836,1.025,-3698.0,-3743.4,0.0,B,0.22816,False,BJ2018
GJ 229,2940856402123426176,5.6422,5.6354,5.6266,5.6562,5.6302,5.64203,0.999,-54.8,-57.3,0.0,A,0.0,False,BJ2018
2MASS J06073175-1849303,2942448082647042176,3.9931,4.1265,3.8609,4.14,4.09117,4.16259,1.033,-1942.0,-1943.9,0.0,A,0.08395,False,BJ2018
2MASS J06165019-1708395,2944362160592260736,7.177,6.8975,6.8152,7.5793,6.75005,7.09172,0.961,-3843.2,-3896.8,0.0,A,0.30014,False,BJ2018
TYC 5957-2545-1,2945427930964098304,5.6522,5.712,5.5613,5.7471,5.68966,5.73817,1.011,-1030.2,-1033.1,0.0,A,0.00647,False,BJ2018
GJ 2051,2945575123779578624,5.5549,5.581,5.5186,5.5906,5.57278,5.58952,1.005,-294.1,-294.4,0.0,A,9e-05,False,BJ2018
Gaia DR2 2946250223920764288,2946250223920764288,9.2538,9.1731,9.0714,9.4537,9.06272,9.27307,0.991,-600.9,-597.5,0.0,A,0.00081,False,BJ2018
HD 52242,2948264327364009728,5.0869,5.5748,4.8724,5.3084,5.52406,5.62448,1.096,-2344.4,-2518.5,0.0,A,0.02299,False,BJ2018
2MASS J06394066-1449318,2950539766674532224,2.2783,1.6986,2.1089,2.4571,1.64173,1.74727,0.746,-2910.9,-2917.1,0.0,B,0.06848,False,BJ2018
TYC 5377-2651-1,2950723007159996160,8.8003,8.8458,8.5901,9.0207,8.78754,8.89561,1.005,-2878.8,-2858.2,0.0,A,0.09229,False,BJ2018
TYC 5376-837-1,2951898969206442496,6.0746,6.2049,5.8863,6.2855,6.13514,6.28078,1.021,-2701.5,-2719.8,0.0,A,0.08116,False,BJ2018
TYC 5383-675-1,2954061532478049664,5.0572,5.2407,4.2387,6.2047,5.10738,5.35586,1.036,1801.2,1870.4,0.0,A,0.00253,False,BJ2018
HR 1785,2955204960150116352,8.1454,7.9523,6.7277,10.4449,7.07332,9.17547,0.976,-991.4,-982.8,0.0,A,0.01656,False,BJ2018
2MASS J05123883-2718192,2955685790328048384,8.525,6.8433,7.6427,9.5704,6.65757,7.0436,0.803,-1534.0,-1354.2,0.0,B,0.05208,False,BJ2018
TYC 6473-109-1,2961023919281120384,4.6403,4.3169,4.4237,4.8734,4.24066,4.43085,0.93,-4881.7,-4863.8,0.074,B,0.32517,False,BJ2018
GJ 199 A,2962193318618221056,9.3287,9.2925,9.1974,9.4682,9.25381,9.33195,0.996,-591.2,-588.5,0.0,A,0.00095,False,BJ2018
GJ 3331,2962658549474035584,4.3684,5.3775,4.1762,4.5796,4.83696,6.02088,1.231,-892.6,-1088.4,0.0,A,0.00782,False,BJ2018
γ Lep B,2964001014514075520,7.9741,7.9557,7.9377,8.0099,7.93617,7.9735,0.998,175.7,176.8,0.0,A,0.0001,False,BJ2018
2MASS J05490160-2017549,2966071536646382592,5.701,4.1709,5.1735,6.2658,4.07855,4.26442,0.732,-3844.0,-3700.2,0.0,A,0.82494,False,BJ2018
HD 39855,2966316109264052096,5.6176,5.6279,5.5817,5.6576,5.61095,5.64472,1.002,-502.9,-504.7,0.0,A,0.00145,False,BJ2018
HD 39855B,2966316109264051072,5.496,5.4878,5.3073,5.6934,5.46811,5.51056,0.999,-488.0,-487.8,0.0,A,0.00149,False,BJ2018
HR 1980,2966790170574625408,3.5025,3.485,3.4761,3.5288,3.47518,3.49663,0.995,-665.4,-663.8,0.0,A,0.00044,False,BJ2018
Gaia DR3 2968528945134793984,2968528945134793984,10.0372,10.543,9.6719,10.431,10.36905,10.70517,1.05,-1644.8,-1661.2,0.0,B,0.04457,False,BJ2018
58 Eri,2980492387558410112,6.9594,6.9829,6.9014,7.0171,6.95541,7.00644,1.003,-431.4,-432.9,0.0,A,0.00119,False,BJ2018
59 Eri,2980728988716627584,9.4206,9.3906,9.313,9.5228,9.34652,9.42856,0.997,-1138.7,-1137.3,0.0,A,0.01306,False,BJ2018
PM J05331-1406,2984656203733095936,8.5986,8.6115,8.4853,8.7052,8.572,8.64131,1.002,-665.2,-664.3,0.0,B,0.00125,False,BJ2018
StKM 2-411,2984821370995103360,9.9349,9.9414,9.7979,10.0678,9.90312,9.99028,1.001,-695.1,-697.9,0.0,A,0.00074,False,BJ2018
HD 34796,2984889746874340864,9.0186,8.8758,8.9369,9.0978,8.85071,8.9078,0.984,-970.1,-962.4,0.0,A,0.0098,False,BJ2018
2MASS J05181413-1415439,2985151980397167872,6.5118,6.8582,6.2329,6.8306,6.75982,6.96112,1.053,-2315.1,-2356.5,0.0,A,0.07821,False,BJ2018
TYC 5901-738-1,2986344877497587328,7.2375,7.2691,7.0918,7.3784,7.22025,7.32441,1.004,-1657.9,-1671.0,0.0,A,0.03862,False,BJ2018
HD 32623,2987696078505244416,8.5958,8.3809,8.0117,9.247,8.33446,8.43406,0.975,-2971.7,-2846.1,0.0,A,0.14754,False,BJ2018
HR 1737,2988305826422644224,7.392,7.4846,7.2552,7.5438,7.42773,7.5418,1.013,-627.3,-631.5,0.0,A,0.00227,False,BJ2018
HD 33870,2988480545692036224,7.4599,7.8858,7.1511,7.7815,7.82888,7.95329,1.057,-3242.2,-3252.9,0.0,A,0.19916,False,BJ2018
PM J06027-1758,2990644380279100288,9.2152,9.108,9.1314,9.3054,9.07889,9.14259,0.988,-470.1,-466.0,0.0,A,0.00037,False,BJ2018
2MASS J06155529-1449428,2993332587429403264,7.6837,7.6952,7.567,7.8012,7.65952,7.7346,1.002,-830.2,-833.3,0.0,A,0.00135,False,BJ2018
HD 42606,2994437527894182272,7.4232,7.9547,7.3113,7.5393,7.87774,8.02835,1.072,-567.1,-590.8,0.0,B,0.00116,False,BJ2018
TYC 5370-80-1,2994592421595363328,9.7766,11.7858,9.6334,9.9347,11.73792,11.84408,1.206,-1094.9,-1316.0,0.0,B,0.00981,False,BJ2018
TYC 5360-386-1,2996772439616644352,5.0685,5.0823,4.9221,5.2212,5.04657,5.12521,1.003,-1659.4,-1648.9,0.0,A,0.08511,False,BJ2018
HD 40729,2997159987402374656,8.5194,8.4674,8.3266,8.7109,8.42091,8.51848,0.994,-1835.3,-1830.2,0.0,A,0.039,False,BJ2018
TYC 5369-121-1,3001761409209387520,6.9918,7.1514,6.8547,7.1271,7.08986,7.22337,1.023,-1458.3,-1483.3,0.0,A,0.01339,False,BJ2018
2MASS J06042770-0958092,3005130965667237632,6.9454,6.7461,6.6395,7.2782,6.64741,6.82211,0.971,-1023.8,-992.6,0.0,A,0.00841,False,BJ2018
TYC 5353-130-1,3005361450791929856,7.0307,7.2451,6.636,7.4417,7.19207,7.29648,1.031,-2542.3,-2543.9,0.0,A,0.23202,False,BJ2018
TYC 5353-124-1,3005432021398373376,7.9866,7.902,7.8601,8.1247,7.87808,7.92941,0.989,-1094.2,-1090.2,0.0,A,0.00203,False,BJ2018
2MASS J06202744-0902284,3006242498907586048,6.9766,6.6524,6.626,7.3435,6.48729,6.86009,0.954,-2570.7,-2427.0,0.0,A,0.02135,False,BJ2018
HIP 30949,3007203682525892096,6.3936,6.3283,6.3566,6.4307,6.31374,6.3414,0.99,-312.8,-310.4,0.0,A,0.00014,False,BJ2018
2MASS J06200019-0656011,3007538204640292480,1.0786,1.1946,0.4341,1.7878,1.08992,1.28588,1.108,-4137.4,-4270.0,0.0,A,0.48064,False,BJ2018
TYC 4795-504-1,3007669738016378880,7.7352,7.5683,7.6515,7.8192,7.54104,7.59355,0.978,-835.3,-827.1,0.0,A,0.00498,False,BJ2018
AF Lep,3009908378049913216,8.2343,8.0374,7.9437,8.5633,7.9248,8.17002,0.976,-1153.0,-1128.6,0.0,A,0.00117,False,BJ2018
2MASS J05392816-1001235,3010580385812933504,6.747,6.0791,6.164,7.366,5.91085,6.25182,0.901,-3895.0,-3729.7,0.0,A,0.19698,False,BJ2018
TYC 5352-12-1,3011300772087313920,6.754,7.0991,6.4567,7.0429,7.05301,7.15008,1.051,-3460.2,-3428.3,0.0,A,0.37381,False,BJ2018
TYC 5346-370-1,3012028167748284800,2.5724,2.372,2.4325,2.7233,2.35883,2.38703,0.922,-1242.9,-1233.8,0.0,A,0.019,False,BJ2018
2MASS J05250121-0819077,3014940705331946496,2.8276,3.0211,1.6526,4.0969,2.88961,3.1879,1.068,-3844.7,-3611.7,0.0,B,0.49212,False,BJ2018
2MASS J05592656-0753030,3017913677396334976,8.4376,8.4123,8.0449,8.8436,8.30718,8.51726,0.997,-3550.0,-3588.1,0.0,B,0.41981,False,BJ2018
2MASS J05530150-0759503,3018608946703318016,7.4343,7.7454,6.7762,8.2079,7.61456,7.95343,1.042,-4576.0,-4481.6,0.0,A,0.37336,False,BJ2018
2MASS J05535207-0723578,3018668354690934272,6.9793,7.5496,6.0212,8.4252,7.23868,7.87913,1.082,-1726.1,-1822.2,0.0,B,0.04884,False,BJ2018
HD 39686,3018965776882444416,7.9171,7.9564,7.7446,8.093,7.90638,7.99903,1.005,-2251.1,-2247.0,0.0,A,0.05864,False,BJ2018
2MASS J06095412-0515443,3020184375066826496,7.3255,5.8573,6.9898,7.7143,5.68653,6.02611,0.8,-2696.8,-2678.3,0.0,B,0.02262,False,BJ2018
TYC 4792-1743-1,3020664110031518848,4.0646,4.2968,3.9079,4.2254,4.26039,4.33735,1.057,-1554.9,-1576.8,0.0,A,0.03152,False,BJ2018
TYC 4777-1756-1,3022524071386734464,5.5812,5.4858,5.3934,5.7737,5.44634,5.51916,0.983,-2576.2,-2578.3,0.0,A,0.08401,False,BJ2018
GJ 3376,3022685626580347392,4.0567,4.0389,4.0415,4.0734,4.03401,4.04411,0.996,-160.0,-159.5,0.0,A,2e-05,False,BJ2018
HD 294403,3023613133358414720,4.5893,4.639,4.4201,4.7592,4.60652,4.66515,1.011,-1838.7,-1856.5,0.0,A,0.02485,False,BJ2018
GJ 1085,3023711269067191296,7.2743,7.2768,7.2169,7.3346,7.2554,7.3012,1.0,-364.3,-365.0,0.0,A,8e-05,False,BJ2018
2MASS J05495372-0316483,3024038335120778752,7.6445,7.6764,7.2709,8.0402,7.5158,7.84124,1.004,-3568.1,-3653.4,0.0,A,0.10056,False,BJ2018
TYC 4786-1656-1,3025050744811941504,4.077,3.6997,3.4735,4.7052,3.58514,3.80713,0.907,-4346.5,-4284.7,0.0,A,0.41064,False,BJ2018
2MASS J07345724-1522225,3029820945954626176,9.4009,9.5815,9.0471,9.7799,9.5015,9.659,1.019,-1219.5,-1228.1,0.0,A,0.00694,False,BJ2018
2MASS J07253455-1406081,3031944102907995776,3.9176,3.5168,3.7482,4.0932,3.4551,3.56998,0.898,-2436.4,-2515.0,0.0,B,0.01299,False,BJ2018
2MASS J07224983-1357462,3031985815631056000,1.9482,1.9413,1.7598,2.1561,1.918,1.97043,0.996,-2482.7,-2444.6,0.0,A,0.0132,False,BJ2018
2MASS J07161201-1441419,3032216369473132416,6.0247,5.1669,5.398,6.6759,5.02793,5.28764,0.858,-4190.2,-4076.5,0.0,A,0.23669,False,BJ2018
TYC 5406-1504-1,3032483585156427008,6.5348,6.9324,6.2243,6.8444,6.8378,7.03396,1.061,-2952.1,-2965.9,0.0,A,0.01875,False,BJ2018
TYC 5407-2569-1,3032628067860593408,8.7407,8.6443,8.549,8.9453,8.61224,8.67545,0.989,-1125.2,-1119.2,0.0,A,0.00495,False,BJ2018
HD 63539,3037417712303328256,5.3597,5.4299,5.2838,5.4353,5.41302,5.44609,1.013,-238.3,-238.9,0.0,A,0.00022,False,BJ2018
HD 62128,3039938583230568960,6.5854,6.6173,6.5343,6.6409,6.59758,6.6357,1.005,-480.4,-481.6,0.0,A,0.0005,False,BJ2018
TYC 5414-974-1,3040095779032581120,5.2192,5.2733,4.9922,5.4581,5.19113,5.3528,1.01,-2463.5,-2442.9,0.0,B,0.03993,False,BJ2018
2MASS J07362378-0919185,3041488546725638784,7.0737,7.1414,5.9882,8.5473,6.99819,7.29172,1.01,-2368.9,-2392.6,0.0,A,0.01751,False,BJ2018
HD 53241,3045611135517363456,3.6568,3.6704,3.5143,3.8066,3.31519,4.00094,1.004,-513.0,-528.1,0.0,B,0.00047,False,BJ2018
HIP 33762,3045883195920819712,8.8073,8.8301,8.6078,9.0096,8.79086,8.87109,1.003,-620.0,-622.1,0.0,A,0.00054,False,BJ2018
TYC 5384-682-1,3049279960999224832,4.969,5.282,4.492,5.453,5.20519,5.3755,1.063,-4105.4,-4118.6,0.0,A,0.2464,False,BJ2018
2MASS J07040142-0919154,3049765640200964864,9.032,8.772,8.5261,9.5795,8.68933,8.85327,0.971,-1650.4,-1598.0,0.0,A,0.01314,False,BJ2018
2MASS J07220811-0718375,3054877510278772480,7.9457,8.3647,7.394,8.5398,8.17359,8.59308,1.053,-3435.1,-3546.0,0.0,A,0.12712,False,BJ2018
2MASS J07265770-0442394,3058754800593499520,8.9003,8.9674,8.6371,9.1715,8.82871,9.09409,1.008,-1021.4,-1021.2,0.0,A,0.00639,False,BJ2018
G 112-24,3060332221821297408,9.1936,9.2586,9.1366,9.2505,9.2186,9.28991,1.007,-447.3,-448.7,0.0,A,0.00057,False,BJ2018
HD 69965,3065896266049916672,8.0103,7.9607,7.9427,8.0817,7.92892,7.99442,0.994,-1085.4,-1081.7,0.0,A,0.00248,False,BJ2018
1 Hya,3066710282611675776,7.2145,7.3195,6.6246,7.9181,7.0066,7.6894,1.015,-250.8,-251.4,0.0,A,0.00045,False,BJ2018
HD 68814,3069302518712844672,1.5011,1.5619,1.4118,1.5878,1.54851,1.57764,1.041,-2216.0,-2241.9,0.0,A,0.05789,False,BJ2018
2MASS J08020015+0135346,3084899881429047552,11.6058,10.3176,10.6265,12.6385,9.90972,10.72206,0.889,-4294.3,-4236.2,0.0,B,0.26848,False,BJ2018
2MASS J07483136+0314240,3089210138809304576,8.5892,8.7621,7.9868,9.1803,8.4827,9.00428,1.02,-3720.9,-3766.3,0.0,A,0.0918,False,BJ2018
2MASS J07533660+0425350,3089445193778753792,8.4817,8.5258,8.2007,8.7747,8.42423,8.61881,1.005,-1966.4,-1997.7,0.0,A,0.10049,False,BJ2018
GJ 2066,3089711447388931584,2.2644,2.2594,2.2269,2.3053,2.25322,2.26371,0.998,-133.1,-132.4,0.0,A,4e-05,False,BJ2018
2MASS J08272103+0313168,3091837726782149504,8.2391,8.3936,7.9268,8.5672,8.25975,8.53794,1.019,-3203.5,-3253.2,0.0,A,0.04628,False,BJ2018
PM J08293+0355,3091982587439255168,7.69,7.6402,7.5267,7.8528,7.58264,7.68813,0.994,-672.2,-667.0,0.0,A,0.00312,False,BJ2018
PM J08202+0532,3093380483331664896,7.3694,7.4635,7.2369,7.5031,7.35731,7.56079,1.013,-844.6,-857.8,0.0,A,0.00481,False,BJ2018
2MASS J06481331-0539595,3100426561866665216,9.235,9.7087,8.7015,9.8223,9.51977,9.92201,1.051,-2309.0,-2430.4,0.0,A,0.02225,False,BJ2018
SCR J0640-0552,3100542495921276160,6.7544,6.712,6.6692,6.8389,6.69785,6.7274,0.994,-163.4,-162.9,0.0,A,1e-05,False,BJ2018
LFT 495,3101920046552857728,8.2594,8.328,8.195,8.3228,8.31218,8.34511,1.008,110.4,104.4,0.0,A,0.0,False,BJ2018
LFT 494,3101923001490347392,8.3345,8.3126,8.307,8.3613,8.29788,8.32759,0.997,109.7,112.0,0.0,A,0.0,False,BJ2018
HD 45398,3104552174309524096,9.2894,9.2899,8.7231,9.8729,9.08746,9.47921,1.0,-3509.0,-3478.5,0.0,A,0.10552,False,BJ2018
TYC 4803-2067-1,3105369180167265792,7.3562,7.2267,7.1571,7.5696,7.18299,7.27044,0.982,-1132.9,-1119.1,0.0,A,0.00419,False,BJ2018
2MASS J06382965-0211038,3106798751443445376,7.0866,7.2998,6.4605,7.8312,7.13989,7.4828,1.03,-3057.6,-3030.1,0.0,A,0.08575,False,BJ2018
2MASS J06373827-0153401,3106856888120048768,8.5806,8.7926,8.3084,8.859,8.57613,9.07366,1.025,-1365.9,-1391.1,0.0,A,0.0083,False,BJ2018
2MASS J07111120-0235510,3108344527354371712,7.3362,7.1164,6.5865,8.1631,6.99737,7.24537,0.97,-3408.2,-3406.8,0.0,A,0.13675,False,BJ2018
TYC 4817-1589-1,3109918169012481536,9.4558,9.291,9.2635,9.6562,9.25127,9.3352,0.983,-1411.0,-1401.8,0.0,A,0.00626,False,BJ2018
TYC 4801-2476-1,3112431961828990976,3.5689,3.6272,3.1844,3.9762,3.55388,3.71229,1.016,-3871.4,-3893.5,0.0,A,0.02946,False,BJ2018
2MASS J06250326-0229446,3117368043183122816,8.5846,8.504,8.2999,8.8878,8.39307,8.61151,0.991,-979.6,-964.0,0.0,A,0.00157,False,BJ2018
HD 42944,3117919555641532544,7.7457,7.873,7.574,7.9274,7.78548,7.95784,1.016,-1311.4,-1315.3,0.0,B,0.00501,False,BJ2018
2MASS J06201361-0119107,3118490923731431552,9.2812,9.5373,8.7001,9.9346,9.40765,9.67767,1.028,-2640.1,-2720.4,0.0,A,0.04718,False,BJ2018
Gaia DR2 3118526069444386944,3118526069444386944,1.033,0.5185,0.7956,1.2582,0.39989,0.63529,0.502,-3230.7,-3215.3,0.0,B,0.04039,False,BJ2018
TYC 133-1994-1,3120399607197067648,5.173,5.2111,5.0442,5.2942,5.16969,5.25273,1.007,-1886.5,-1905.9,0.0,A,0.01153,False,BJ2018
HD 46164,3120955444685055488,4.0857,4.0545,4.0247,4.1446,4.03694,4.06895,0.992,896.0,896.8,0.0,A,0.00257,False,BJ2018
2MASS J06070465+0008101,3122360036427938944,6.1749,6.3124,6.0452,6.3283,6.16836,6.44293,1.022,-567.3,-573.4,0.0,A,0.0013,False,BJ2018
HD 288510,3124788922039076864,9.8022,9.0684,9.2134,10.4494,8.93592,9.19048,0.925,-4100.4,-4076.6,0.0,A,0.15202,False,BJ2018
HD 288622,3124963954842553600,8.3903,8.2689,8.1611,8.6229,8.20637,8.34893,0.986,-1495.3,-1482.4,0.0,A,0.00894,False,BJ2018
2MASS J06225568+0437330,3125492368959079296,9.0321,9.862,8.5035,9.6178,9.65193,10.09448,1.092,-2498.6,-2671.4,0.0,A,0.02227,False,BJ2018
2MASS J06382716+0300593,3127131637717846016,7.8653,8.3097,7.2577,8.5085,8.14102,8.49307,1.056,-3988.4,-4161.1,0.0,A,0.08306,False,BJ2018
HD 50867,3129765728281334016,2.9291,3.1901,2.7518,3.1042,3.15153,3.23196,1.089,3585.2,3614.7,0.0,A,0.02195,False,BJ2018
TYC 137-651-1,3130361796720861312,5.7598,5.7139,5.4764,6.0541,5.63475,5.78699,0.992,-3620.6,-3604.9,0.0,A,0.05221,False,BJ2018
2MASS J06394000+0403418,3130595206723798400,2.8678,4.5486,2.7012,3.0335,4.38818,4.66699,1.586,-1791.1,-1802.8,0.0,B,0.00687,False,BJ2018
2MASS J06381241+0422535,3130665678546811904,7.9634,7.7776,7.2971,8.7468,7.53866,8.07935,0.977,-1433.1,-1511.5,0.0,B,0.00644,False,BJ2018
8 Mon B,3131481481815806976,9.4875,9.6538,9.2384,9.755,9.58177,9.75327,1.018,-2526.3,-2581.3,0.0,A,0.00381,False,BJ2018
2MASS J06283114+0555271,3132064463496643712,5.6399,5.485,5.3909,5.9258,5.39541,5.59073,0.973,-2517.1,-2505.7,0.0,A,0.01833,False,BJ2018
TYC 187-480-1,3137199217158012160,9.0967,9.0882,8.9869,9.2042,9.06152,9.11661,0.999,-602.9,-601.0,0.0,A,0.0024,False,BJ2018
SAO 115951,3137805185503572096,1.0749,1.1757,1.0207,1.1303,1.1695,1.1836,1.094,-963.9,-964.7,0.0,A,0.00954,False,BJ2018
TYC 186-1397-1,3138382807062940288,3.32,3.2024,3.0028,3.639,3.15463,3.24607,0.965,-3164.8,-3163.8,0.0,A,0.2082,False,BJ2018
Gaia DR3 3140046192059108736,3140046192059108736,8.2711,12.8967,7.6979,8.9597,12.05621,13.61776,1.559,-1154.1,-1299.5,0.0,B,0.01139,False,BJ2018
ATO J108.0884+04.0272,3140208095147298304,9.2158,8.923,8.9358,9.5275,8.84251,8.98432,0.968,-2212.4,-2191.1,0.0,A,0.01707,False,BJ2018
TYC 172-3187-1,3140847323719610752,6.6507,6.7655,6.5052,6.8074,6.72949,6.79394,1.017,-1069.0,-1080.4,0.0,A,0.00229,False,BJ2018
TYC 186-1877-1,3141323549692679680,3.4099,3.4374,3.3136,3.5073,3.4147,3.45969,1.008,-1016.9,-1025.0,0.0,A,0.00495,False,BJ2018
2MASS J08001654+1044384,3147815517317492096,15.549,13.2655,14.3071,16.927,12.73109,13.83211,0.853,-3969.7,-3979.5,0.0,B,0.86208,False,BJ2018
TYC 787-315-1,3151197237126727552,6.2985,5.5933,5.6314,6.9642,5.33361,5.84338,0.888,-4041.8,-3785.9,0.0,B,0.13586,False,BJ2018
2MASS J07134739+0658347,3153205357677821312,6.1358,5.7329,5.5095,6.9211,5.58931,5.86273,0.934,-3631.1,-3568.6,0.0,A,0.15029,False,BJ2018
TYC 174-438-1,3153993604436313728,8.5577,8.6052,8.4172,8.6908,8.50601,8.69065,1.006,2966.5,2950.2,0.0,A,0.04238,False,BJ2018
Gaia DR2 3154610636617646848,3154610636617646848,8.7191,8.125,7.6578,9.9989,7.96453,8.32816,0.932,-2494.5,-2397.3,0.0,A,0.03698,False,BJ2018
2MASS J07162580+1137311,3159988790366316416,6.348,6.4851,6.1964,6.4989,6.44156,6.5227,1.022,-1471.3,-1479.3,0.0,A,0.03348,False,BJ2018
HD 52865,3160614244983433344,9.1369,9.0279,8.9316,9.3498,8.98158,9.07812,0.988,-1817.7,-1790.9,0.0,A,0.02425,False,BJ2018
TYC 757-834-1,3160936195730804480,5.283,8.4624,4.4827,6.3856,7.85703,9.06996,1.602,-3088.5,-3182.6,0.0,B,0.23871,False,BJ2018
GJ 276,3165287719154543232,8.4236,8.4922,8.3621,8.4847,8.47601,8.50829,1.008,-255.1,-256.8,0.0,A,6e-05,False,BJ2018
TYC 1360-2188-1,3165428353563491200,6.2318,5.347,5.583,6.9717,5.12247,5.59772,0.858,-1364.2,-1153.9,0.0,B,0.01898,False,BJ2018
TYC 774-1430-1,3167243166226569984,8.4916,7.7244,7.0701,10.1098,7.54538,7.9117,0.91,-4753.0,-4869.7,0.0,A,0.93369,False,BJ2018
2MASS J04464623-1500255,3173455784877349504,8.2162,8.3065,8.083,8.3499,8.25269,8.36306,1.011,-1446.6,-1451.8,0.0,A,0.05162,False,BJ2018
2MASS J04331165-1338162,3177440518097342208,9.9476,10.0677,9.7123,10.1981,10.00995,10.13432,1.012,-1748.0,-1744.5,0.0,A,0.01386,False,BJ2018
TYC 5320-425-1,3177631730040862464,6.5425,5.1777,6.103,6.976,5.0861,5.27769,0.791,-4809.4,-4835.8,0.0,A,0.84782,False,BJ2018
Gaia DR3 3179257976458757248,3179257976458757248,9.3853,11.1814,8.006,11.1439,10.33866,12.45538,1.191,-1801.3,-1855.2,0.0,B,0.12093,False,BJ2018
2MASS J04294574-1034043,3179408678271391360,9.2532,9.3715,8.8006,9.7308,9.22824,9.52225,1.013,-3146.0,-3193.6,0.0,A,0.52812,False,BJ2018
2MASS J05010635-1234466,3180245642841439488,8.9805,8.8154,8.8194,9.1445,8.73984,8.88136,0.982,-1260.1,-1242.7,0.0,A,0.00923,False,BJ2018
HD 32965,3181961503752885248,9.2857,9.2697,9.2077,9.3658,9.23596,9.31201,0.998,-903.1,-899.8,0.0,A,0.00221,False,BJ2018
2MASS J04383895-0920376,3185424720565159296,3.5515,3.552,3.447,3.6545,3.51782,3.59007,1.0,-2040.7,-2053.3,0.0,A,0.08743,False,BJ2018
2MASS J04055434-0531490,3197490623728850560,2.2899,2.2793,2.0982,2.522,2.21428,2.3528,0.995,-1954.7,-2034.1,0.0,A,0.02153,False,BJ2018
TYC 5314-151-1,3198043132620440448,6.8308,6.7279,6.7211,6.9539,6.70463,6.75375,0.985,-1262.7,-1255.5,0.0,A,0.05253,False,BJ2018
2MASS J04383220-0627383,3200090904306268288,2.9706,3.0467,2.7394,3.2464,2.94218,3.16061,1.026,-1685.7,-1705.0,0.0,B,0.04398,False,BJ2018
HD 28821,3201236698501590272,5.7331,5.7036,5.6853,5.7805,5.68193,5.72487,0.995,-914.6,-911.3,0.0,A,0.00368,False,BJ2018
HD 28074,3202688912845149440,6.0898,6.0933,5.9871,6.1921,6.06328,6.12198,1.001,-2256.3,-2243.5,0.0,A,0.14857,False,BJ2018
HD 27486,3203009214325415424,6.8779,6.8994,6.7272,7.0461,6.85453,6.94747,1.003,-1805.9,-1809.4,0.0,A,0.01276,False,BJ2018
2MASS J04391568-0225280,3205069424237353728,1.8851,1.795,1.7274,2.0378,1.76358,1.82736,0.952,-2575.4,-2613.4,0.0,A,0.17576,False,BJ2018
TYC 4774-377-1,3209409024833339520,5.9316,6.2048,5.6459,6.2206,6.14113,6.27351,1.046,-4388.0,-4334.5,0.0,A,0.62781,False,BJ2018
2MASS J05331732-0519341,3209439673719874304,4.235,3.9262,3.7685,4.7415,3.81525,4.03258,0.927,-3229.7,-3192.9,0.0,A,0.30646,False,BJ2018
GJ 205,3209938366665770752,5.6461,5.652,5.6414,5.6507,5.65035,5.65353,1.001,-12.5,-12.4,0.0,A,0.0,False,BJ2018
SAO 132015,3209947441933983744,9.279,9.2427,9.1687,9.4045,9.21129,9.28433,0.996,-1169.3,-1161.7,0.0,A,0.00216,False,BJ2018
HD 34239,3210312170555686272,8.1946,8.1472,8.1237,8.2618,8.12162,8.173,0.994,-821.0,-820.8,0.0,A,0.00716,False,BJ2018
GJ 204,3210731015768096000,8.8775,8.8569,8.8523,8.9026,8.84706,8.87009,0.998,120.3,120.4,0.0,A,6e-05,False,BJ2018
GJ 183,3211461469444773376,8.1773,8.1785,8.1627,8.1912,8.17033,8.18582,1.0,-58.8,-58.7,0.0,A,1e-05,False,BJ2018
LFT 404,3213958769587525888,8.0999,8.0889,8.0762,8.1229,8.07756,8.09935,0.999,-127.5,-127.6,0.0,A,0.0001,False,BJ2018
Gaia DR3 3215149918639399168,3215149918639399168,9.3789,9.566,9.2077,9.548,9.51051,9.62849,1.02,-2582.5,-2568.8,0.0,A,0.17839,False,BJ2018
HD 290851,3216618969252083200,7.6413,7.5173,7.5267,7.7543,7.48939,7.54179,0.984,-689.6,-687.5,0.0,A,0.00849,False,BJ2018
2MASS J05485623-0156564,3217851723649980160,4.0903,4.0165,4.0121,4.1757,3.98903,4.04215,0.982,-761.7,-756.7,0.0,B,0.00119,False,BJ2018
2MASS J05544770+0105265,3218943126380795904,8.2523,8.1754,7.9361,8.5865,8.04015,8.31238,0.991,-3642.4,-3652.9,0.0,A,0.13149,False,BJ2018
2MASS J05483212+0019363,3219531644273882240,9.0587,9.0571,8.9229,9.202,9.01622,9.09858,1.0,-849.2,-846.1,0.0,A,0.0056,False,BJ2018
2MASS J05243680-0048182,3220567895327137664,5.5906,5.5679,5.4215,5.7662,5.49641,5.63867,0.996,-2187.9,-2172.3,0.0,A,0.06973,False,BJ2018
HD 288194,3222502902649158528,8.9322,8.6652,8.6345,9.2315,8.581,8.74743,0.97,-1899.3,-1926.1,0.0,B,0.09246,False,BJ2018
2MASS J05383959+0133239,3222784308906486016,1.4975,1.9904,0.9188,2.0443,1.92161,2.06091,1.329,-4541.8,-4428.8,0.0,A,0.51955,False,BJ2018
2MASS J05334623+0226437,3223679105213539456,8.5202,8.5447,8.1859,8.8799,8.45881,8.6483,1.003,-1513.1,-1519.5,0.0,A,0.00893,False,BJ2018
2MASS J05385900+0349045,3224259402538186752,7.3092,7.2945,6.6827,7.995,7.17339,7.40963,0.998,-3580.0,-3549.6,0.0,A,0.04493,False,BJ2018
2MASS J04483680-0235334,3225916611376202496,5.5811,5.5398,5.1929,5.9748,4.99349,6.02968,0.993,-3239.7,-3296.9,0.0,A,0.18154,False,BJ2018
2MASS J04422231-0058199,3229326471812553984,5.5797,5.1046,5.2871,5.8796,5.00693,5.195,0.915,-3652.9,-3627.8,0.0,A,0.42232,False,BJ2018
StKM 1-504,3229561183184656768,5.751,5.5904,5.5482,5.9606,5.52717,5.65819,0.972,-3189.5,-3118.5,0.0,A,0.09851,False,BJ2018
HD 29355,3230677874682668672,9.7228,9.7053,9.6137,9.8288,9.66088,9.75573,0.998,-1567.8,-1574.3,0.0,A,0.05498,False,BJ2018
StKM 1-558,3233777569758937216,5.6983,5.6398,5.621,5.7804,5.61436,5.66489,0.99,-1149.4,-1138.3,0.0,A,0.01505,False,BJ2018
TYC 106-954-1,3239396314696243456,2.1864,2.3511,2.081,2.2953,2.33324,2.37019,1.075,-2010.2,-2050.2,0.0,A,0.01049,False,BJ2018
StKM 1-554,3240424426786618624,1.3081,1.2856,1.2838,1.3315,1.27931,1.29217,0.983,-551.2,-551.9,0.0,A,0.00167,False,BJ2018
SAO 112482,3240717962031497728,2.7777,7.1586,2.5476,3.0451,4.90196,11.3295,2.577,-1232.0,-2945.1,0.102,A,0.16864,False,BJ2018
HD 240984,3241592932768900096,6.4325,6.462,6.3374,6.5244,6.43103,6.49591,1.005,-1083.5,-1079.0,0.0,A,0.01128,False,BJ2018
GJ 156,3244915072792668416,8.4206,8.3553,8.3878,8.4533,8.34243,8.36866,0.992,-176.9,-176.4,0.0,A,0.00018,False,BJ2018
2MASS J03562459+0214343,3258349245161406080,5.9278,6.4377,4.21,7.5302,5.19563,18.95756,1.086,3364.0,3567.3,0.227,A,0.52376,False,BJ2018
2MASS J04090205+0245383,3260079227925564160,0.8237,0.8348,0.7983,0.8488,0.8244,0.84421,1.013,908.5,930.6,0.0,B,0.00814,False,BJ2018
2MASS J03312113+0041341,3264830492545600896,10.0531,9.9685,9.7826,10.3469,9.86726,10.06302,0.992,2042.9,2030.6,0.0,A,0.0679,False,BJ2018
TYC 4707-490-1,3266255871932004736,2.4826,2.4688,2.3358,2.639,2.43775,2.50202,0.994,-2765.1,-2801.7,0.0,A,0.26598,False,BJ2018
StKM 1-385,3274130814728561792,2.3427,2.3968,2.2329,2.4641,2.3664,2.42438,1.023,-2370.7,-2327.7,0.0,A,0.06416,False,BJ2018
TYC 86-509-1,3279634450245227008,8.7504,3.828,5.0193,25.7315,3.39543,4.43356,0.437,-3263.7,-1652.3,0.0,B,0.1144,False,BJ2018
HIP 19946,3283466836680393472,6.0946,6.0918,5.9556,6.2267,6.06118,6.12113,1.0,-902.7,-897.5,0.0,A,0.0195,False,BJ2018
TYC 94-1074-1,3286019486066426112,1.5532,1.4407,1.5082,1.5984,1.42741,1.45528,0.928,-1070.5,-1073.6,0.0,A,0.03009,False,BJ2018
LSPM J0445+0938,3293037741802934784,8.237,8.208,8.161,8.3113,8.19385,8.22294,0.996,-290.0,-289.5,0.0,A,0.00029,False,BJ2018
HD 286897,3306440204429835648,6.957,7.0713,6.6879,7.2213,7.0085,7.13158,1.016,4470.1,4469.0,0.0,A,0.29156,False,BJ2018
HD 290977,3314948500283223936,8.0011,7.8053,7.5819,8.4357,7.70021,7.90342,0.976,-4088.7,-4061.8,0.0,A,0.08676,False,BJ2018
PM J06083+0205,3315373564607612416,8.5565,8.5823,8.3328,8.7684,8.49645,8.66847,1.003,-471.5,-473.9,0.0,A,0.00035,False,BJ2018
HD 40512,3315967541404032896,8.9701,8.612,7.1434,11.9725,8.23454,9.01188,0.96,-1249.9,-1189.6,0.0,B,0.01727,False,BJ2018
2MASS J05585777+0227511,3315967988080646400,7.6488,8.25,6.6635,8.983,7.88493,8.57814,1.079,-2322.6,-2479.6,0.0,A,0.10266,False,BJ2018
TYC 140-1885-1,3317599903856040960,5.0047,4.3847,4.3366,5.6599,4.18258,4.62478,0.876,-3124.1,-3061.9,0.0,B,0.08095,False,BJ2018
Gaia DR2 3317885158400461952,3317885158400461952,6.0948,6.0454,6.0196,6.1693,5.98844,6.11364,0.992,-260.5,-259.2,0.0,A,0.00022,False,BJ2018
2MASS J06024347+0506274,3318440721012448768,1.8197,1.7722,1.7577,1.8915,1.75486,1.79447,0.974,-768.7,-757.4,0.0,A,0.00111,False,BJ2018
PM J06138+0631,3318870866282755968,8.8697,8.9048,8.7609,8.9807,8.85384,8.93966,1.004,-511.8,-512.4,0.0,A,0.0001,False,BJ2018
HD 42182,3318883274444631296,5.3296,5.2482,5.2877,5.3727,5.23125,5.2606,0.985,-474.1,-471.4,0.0,A,0.00089,False,BJ2018
2MASS J05495923+0351400,3319586682709428224,5.1378,5.1134,5.0384,5.2376,5.05808,5.17854,0.995,989.0,988.8,0.0,A,0.00369,False,BJ2018
TYC 129-887-1,3321048384636560896,8.6047,7.8258,8.4235,8.7964,7.74148,7.90336,0.909,-1960.6,-1914.8,0.0,B,0.01522,False,BJ2018
2MASS J05592381+0529070,3321492278095887744,7.0562,6.7922,6.2547,8.1205,6.48882,7.20263,0.963,-3773.4,-3683.8,0.0,A,0.15163,False,BJ2018
TYC 142-772-1,3321613980289616384,8.0975,8.7934,6.7321,9.6065,8.175,9.43958,1.086,-2518.5,-2593.6,0.0,B,0.02507,False,BJ2018
2MASS J06020415+0720172,3322348827716886272,9.3528,9.5085,9.2308,9.4792,9.47331,9.54826,1.017,-821.3,-829.3,0.0,A,0.00148,False,BJ2018
TYC 717-2563-1,3322431943925983488,7.4683,7.4744,7.2585,7.6967,7.41318,7.54296,1.001,-1691.3,-1709.0,0.0,A,0.00919,False,BJ2018
PM J06027+0848,3323368281154260736,8.0164,8.0586,7.9237,8.1131,7.98127,8.12672,1.005,706.6,707.5,0.0,A,0.00012,False,BJ2018
TYC 732-1428-1,3325389939443373824,8.3673,8.2924,7.9451,8.8794,8.23656,8.34887,0.991,-1609.5,-1598.5,0.0,A,0.00385,False,BJ2018
TYC 731-797-1,3325660114363770496,9.396,9.5522,9.0572,9.7342,9.42881,9.69569,1.017,-2650.8,-2646.8,0.0,A,0.01071,False,BJ2018
HD 45759,3326288347818354048,5.5012,5.4744,5.4133,5.5938,5.45184,5.5043,0.995,-1047.0,-1043.8,0.0,A,0.00102,False,BJ2018
2MASS J06245965+0946456,3327427510586759424,8.4788,9.1882,7.5935,9.6283,8.66644,9.73896,1.084,-2674.4,-2799.3,0.0,A,0.00696,False,BJ2018
TYC 730-191-1,3328617079087341440,6.3473,6.2009,6.2241,6.4756,6.15222,6.255,0.977,-1607.1,-1576.2,0.0,A,0.00812,False,BJ2018
TYC 734-282-1,3329070863853646464,4.0797,4.264,3.4469,4.7326,4.1718,4.35979,1.045,-3449.2,-3478.8,0.0,A,0.09422,False,BJ2018
TYC 735-1917-1,3329225693133463552,6.7491,6.9122,6.4158,7.0993,6.85187,6.97416,1.024,-3252.5,-3135.9,0.0,A,0.06505,False,BJ2018
Gaia DR3 3330872246155809024,3330872246155809024,9.4661,12.5085,8.5995,10.406,11.81815,13.33274,1.321,-3438.1,-3532.2,0.0,B,0.0617,False,BJ2018
2MASS J06160045+1123445,3331621975645970816,9.0774,9.349,8.5258,9.6713,9.12675,9.56741,1.03,-2466.7,-2539.4,0.0,A,0.01935,False,BJ2018
TYC 127-988-1,3332917062901609472,4.4759,4.2948,4.0643,4.8883,4.2415,4.34947,0.96,-3543.2,-3424.5,0.0,A,0.21181,False,BJ2018
2MASS J05462780+0715312,3333428301449424128,8.5493,8.6442,8.3875,8.705,8.60456,8.68102,1.011,-842.0,-849.8,0.0,A,0.00346,False,BJ2018
Gliese 208,3339921875389105152,1.6302,1.6199,1.5988,1.6637,1.61059,1.62916,0.994,-515.4,-512.9,0.0,A,0.00017,False,BJ2018
2MASS J05441499+1103281,3339993206205348736,7.1097,6.9453,6.8024,7.4513,6.73467,7.16106,0.977,-2974.8,-2917.0,0.0,A,0.10623,False,BJ2018
HD 39771,3343334454540979584,4.3724,3.5091,3.9053,4.9567,3.29531,3.76429,0.803,-3290.5,-3094.0,0.0,B,0.07476,False,BJ2018
HD 43855,3344644900603073664,4.0149,3.9806,3.9598,4.0728,3.96762,3.99537,0.991,-971.0,-977.5,0.0,A,0.00149,False,BJ2018
2MASS J05525072+1308148,3346357389962960256,7.087,7.3654,6.8358,7.3497,7.31031,7.4226,1.039,-1613.7,-1633.2,0.0,A,0.01916,False,BJ2018
2MASS J05591615+1448366,3348450585224802944,9.6675,8.9988,7.3645,13.5522,8.46635,9.71128,0.931,-2905.9,-2691.4,0.0,A,0.01149,False,BJ2018
2MASS J05530628+1705416,3349898642039195264,5.9428,6.0169,5.8006,6.0871,5.95165,6.07246,1.012,-338.6,-340.2,0.0,A,5e-05,False,BJ2018
HD 53820,3353678178898287360,9.0481,8.6591,8.5858,9.5301,8.55683,8.76778,0.957,-3350.7,-3354.9,0.0,A,0.05729,False,BJ2018
2MASS J06312332+1416506,3356477088827665152,5.7784,5.8046,5.429,6.1557,5.67878,5.93706,1.005,-1548.1,-1620.0,0.0,A,0.00561,False,BJ2018
HD 54129,3360175090027418880,6.4554,6.4923,6.2308,6.6913,6.42653,6.54998,1.006,-1986.8,-1962.1,0.0,A,0.05139,False,BJ2018
HD 43947,3369088315397965056,1.8045,1.8311,1.7874,1.822,1.82318,1.8382,1.015,-655.6,-653.8,0.0,A,0.00024,False,BJ2018
2MASS J06314020+1646262,3369413663464034816,5.3552,5.4713,5.1921,5.5255,5.41985,5.51577,1.022,-560.5,-569.2,0.0,A,0.00063,False,BJ2018
HIP 31626,3371908043029299840,2.0323,2.0511,2.016,2.0488,2.04656,2.05542,1.009,-371.4,-373.1,0.0,A,7e-05,False,BJ2018
HD 262096,3371976698084511488,5.725,5.759,5.6285,5.8229,5.73584,5.78237,1.006,-1119.1,-1120.5,0.0,A,0.002,False,BJ2018
PM J06291+1920W,3372287649418102016,7.2427,7.1185,7.1602,7.324,7.08987,7.14979,0.983,-462.5,-460.1,0.0,A,0.00012,False,BJ2018
37 Gem,3381727613874753536,4.2382,4.1645,4.1663,4.3166,4.12675,4.20048,0.983,1075.5,1070.0,0.0,A,0.00092,False,BJ2018
2MASS J06315581+2306339,3382524686789358848,3.3925,3.2165,2.7975,4.0225,3.13724,3.2947,0.948,-3181.7,-3203.0,0.0,A,0.0362,False,BJ2018
GJ 241,3382815271394515072,9.2496,9.2251,9.2041,9.2988,9.20406,9.24449,0.997,270.7,270.3,0.0,A,4e-05,False,BJ2018
Gaia DR3 3386899372973899904,3386899372973899904,8.7737,13.259,7.4512,10.3734,11.89555,14.3705,1.511,-2485.9,-2280.5,0.0,B,0.0768,False,BJ2018
111 Tau B,3394298532176344960,6.0606,6.022,6.0282,6.094,6.00757,6.03875,0.994,-310.4,-309.8,0.0,A,0.00026,False,BJ2018
TYC 1291-1273-1,3395691716488622976,4.4907,4.4638,4.4519,4.5331,4.45521,4.47365,0.994,-258.5,-258.8,0.0,A,0.0003,False,BJ2018
TYC 1298-542-1,3395879702914475136,9.8636,9.8785,9.7033,10.0289,9.835,9.91893,1.002,-1317.7,-1319.0,0.0,A,0.00553,False,BJ2018
54 Ori,3399063235755057792,4.293,4.1169,4.2198,4.3667,4.07011,4.16339,0.959,427.0,428.6,0.0,B,0.00025,False,BJ2018
111 Tau,3400292798990117888,6.1098,6.0874,6.0425,6.1791,6.06668,6.1093,0.996,-312.2,-312.3,0.0,A,0.00027,False,BJ2018
TYC 1861-828-1,3404609034964516864,5.4826,3.9018,5.2509,5.7425,3.76548,4.02752,0.712,1700.7,1740.1,0.0,B,0.00594,False,BJ2018
2MASS J04563392+1539158,3404905383410548736,8.907,8.6878,8.635,9.1969,8.57082,8.83763,0.975,3683.7,3681.5,0.0,A,0.13602,False,BJ2018
GJ 192,3407785622839603968,7.7476,7.8044,7.6185,7.8829,7.77913,7.83118,1.007,275.0,275.3,0.0,A,3e-05,False,BJ2018
GJ 176,3409711211681795584,8.6623,8.6712,8.6349,8.6912,8.66442,8.67881,1.001,-58.9,-59.0,0.0,A,0.0,False,BJ2018
HD 284741,3413674267816244608,7.9462,7.1396,7.3111,8.5859,6.85467,7.39201,0.898,3591.2,3133.9,0.0,B,0.15511,False,BJ2018
2MASS J05274337+2339536,3416437748559074816,8.3068,8.3436,8.1944,8.4302,8.29969,8.39074,1.004,-638.4,-647.3,0.0,A,0.00236,False,BJ2018
2MASS J05191307+2831354,3422355801174647168,7.7374,7.4975,7.4649,8.0132,7.30686,7.64762,0.969,-1221.2,-1186.2,0.0,A,0.00104,False,BJ2018
2MASS J05584144+2511358,3429568910990201728,3.0749,2.5569,2.5046,3.6424,2.4289,2.72028,0.832,-3553.3,-3607.5,0.0,A,0.01703,False,BJ2018
2MASS J05553050+2610220,3429875846531869056,8.4154,8.492,8.2963,8.5435,8.45809,8.52169,1.009,-818.9,-830.1,0.0,A,0.00038,False,BJ2018
PM J06047+2705,3430373547343405184,5.4716,5.4714,5.3528,5.5954,5.41328,5.52335,1.0,555.9,555.2,0.0,A,0.00025,False,BJ2018
2MASS J06284333+2753463,3432782783476281216,5.0616,4.7014,4.5855,5.7268,4.53553,4.87509,0.929,744.0,700.0,0.0,A,0.00061,False,BJ2018
2MASS J06380423+2825577,3434172531814161024,5.9595,5.5394,5.708,6.2133,5.3362,5.74701,0.93,-4666.9,-4688.8,0.047,A,0.01724,False,BJ2018
2MASS J06354084+2936141,3434858352191504000,6.6926,6.9646,5.9875,7.5572,6.53335,7.62349,1.041,4862.4,4706.7,0.215,A,0.30458,False,BJ2018
TYC 1889-130-1,3436406769505103232,8.9091,7.8207,8.3294,9.4789,7.68221,7.93396,0.878,-4445.6,-4468.9,0.0,A,0.20315,False,BJ2018
TYC 1870-1353-1,3441580727627952512,5.7232,5.6304,5.6024,5.8383,5.61453,5.64312,0.984,-578.1,-570.4,0.0,A,0.0001,False,BJ2018
2MASS J05310901+2708328,3442201578037075840,3.4488,3.9683,3.0545,3.8635,3.87149,4.09174,1.151,-3339.8,-3383.2,0.0,A,0.08707,False,BJ2018
2MASS J05260174+2831048,3445393421635901184,8.6908,8.6,8.4833,8.9156,8.45086,8.77227,0.99,-1188.0,-1173.9,0.0,A,0.00224,False,BJ2018
2MASS J05253827+3209170,3447450783987984768,8.0068,8.0432,7.7198,8.3064,7.95243,8.13756,1.005,1883.5,1908.1,0.0,A,0.01143,False,BJ2018
HD 251299,3450877068376599680,8.002,8.0212,7.945,8.0589,7.99621,8.04654,1.002,-798.9,-799.9,0.0,A,0.0004,False,BJ2018
2MASS J05590840+3408499,3451773131696397440,8.4701,8.3642,8.21,8.7315,8.28997,8.44485,0.987,2015.8,2009.1,0.0,A,0.00636,False,BJ2018
TYC 2432-543-1,3453861069918635776,4.1044,4.4013,3.8754,4.3228,4.36538,4.44095,1.072,-2507.9,-2462.6,0.0,A,0.00545,False,BJ2018
2MASS J12053748-3637473,3462170770780926848,4.7567,4.8464,4.6839,4.8302,4.82666,4.86619,1.019,-889.1,-892.9,0.0,A,0.01448,False,BJ2018
2MASS J12233479-2826272,3474770688701889920,3.7159,3.6312,3.5699,3.87,3.58329,3.67038,0.977,-2199.4,-2188.6,0.0,A,0.10417,False,BJ2018
20 Crt,3478127463341507072,8.6767,8.685,8.6572,8.6964,8.67631,8.69403,1.001,73.5,73.8,0.0,A,2e-05,False,BJ2018
GJ 433,3478160727866058368,8.1811,8.1784,8.15,8.2104,8.16755,8.18974,1.0,-93.9,-94.4,0.0,A,3e-05,False,BJ2018
GJ 453,3487062064765702272,7.9366,7.9303,7.92,7.9528,7.92253,7.9368,0.999,-80.8,-80.8,0.0,A,3e-05,False,BJ2018
TYC 6692-212-1,3496176844360793728,6.424,6.6437,6.0485,6.8002,6.50282,6.77166,1.034,3971.3,3901.5,0.0,A,0.14536,False,BJ2018
GJ 465,3519785523672576384,8.0268,8.0172,8.0023,8.0521,8.01176,8.02215,0.999,-31.0,-31.3,0.0,A,1e-05,False,BJ2018
PM J11146-2732,3531371833610186368,6.7144,6.6912,6.5835,6.8502,6.6542,6.73046,0.997,-610.6,-608.5,0.0,A,0.00326,False,BJ2018
TYC 6654-849-1,3533514609973249024,11.5452,11.0282,11.0526,12.0374,10.89073,11.16106,0.955,-4495.7,-4584.8,0.0,A,0.65129,False,BJ2018
HIP 56801,3548340149884360704,7.9427,8.0898,7.7701,8.1201,8.04805,8.13503,1.019,-2077.9,-2094.9,0.0,A,0.07709,False,BJ2018
2MASS J12155469-1251085,3577009675059597056,6.4145,6.3408,6.3444,6.487,6.31481,6.36524,0.989,-313.3,-312.2,0.0,A,0.00124,False,BJ2018
HR 4544,3598849446322133248,5.3355,2.5042,4.1593,7.1611,2.15666,2.87853,0.469,-3260.7,-2809.4,0.0,B,0.02477,False,BJ2018
TYC 5551-854-1,3609999726881024896,6.3488,6.4033,6.2818,6.4142,6.37023,6.44194,1.009,1125.2,1122.9,0.0,A,0.01419,False,BJ2018
HIP 67031,3618253627527608832,5.7323,5.7033,5.5562,5.917,5.63081,5.77258,0.995,2343.6,2366.6,0.0,A,0.01523,False,BJ2018
TYC 4990-676-1,3648629285512182912,4.2376,4.4952,4.0274,4.4851,4.44462,4.54,1.061,2233.3,2267.2,0.0,A,0.10793,False,BJ2018
2MASS J14270368-0215584,3649419525134908416,6.218,6.5388,5.221,7.3287,6.22502,6.94314,1.052,-3985.5,-3880.0,0.0,A,0.64321,False,BJ2018
GJ 536,3657653114880309248,9.2275,9.233,9.1906,9.268,9.22143,9.2486,1.001,83.0,83.1,0.0,A,6e-05,False,BJ2018
HIP 70025,3669380918219069952,7.074,7.069,6.9848,7.1641,7.03406,7.10055,0.999,-1084.8,-1086.3,0.0,A,0.01779,False,BJ2018
TYC 5528-222-1,3676354983036217344,8.8396,8.9008,8.632,9.0335,8.83193,8.98019,1.007,-2318.3,-2318.2,0.0,A,0.11472,False,BJ2018
StKM 2-861,3682200399165375360,3.3307,3.2699,3.2625,3.3993,3.24769,3.28683,0.982,-1266.7,-1260.3,0.0,A,0.02378,False,BJ2018
GJ 3781,3712538708114516736,8.0061,8.0514,7.9446,8.0675,8.0255,8.07957,1.006,-437.2,-438.2,0.0,A,0.00016,False,BJ2018
GJ 3782,3712538811193759744,8.2575,8.3178,8.2022,8.317,8.28996,8.35038,1.007,-443.0,-444.4,0.0,A,0.0002,False,BJ2018
TYC 901-556-1,3722492964837665664,3.5081,3.5042,3.2939,3.7355,3.48469,3.5255,0.999,1845.6,1875.7,0.0,A,0.0425,False,BJ2018
HD 118509,3725667839022746624,7.5431,7.6478,7.3966,7.6945,7.61376,7.69498,1.014,1040.3,1041.6,0.0,A,0.00127,False,BJ2018
GJ 514,3738099879558957952,7.3928,7.3989,7.3812,7.4042,7.39453,7.4024,1.001,-31.0,-31.2,0.0,A,1e-05,False,BJ2018
2MASS J13243817+1254225,3739654932598696576,5.3712,5.4067,5.2554,5.4898,5.35725,5.44969,1.007,923.7,925.0,0.0,B,0.00317,False,BJ2018
2MASS J13445421+1442387,3741199123664106496,8.433,8.1646,8.0261,8.888,8.00742,8.31318,0.968,1200.8,1185.8,0.0,B,0.01811,False,BJ2018
GJ 526,3741297293732404352,5.2574,5.2556,5.2513,5.2634,5.25324,5.25777,1.0,-22.0,-22.1,0.0,A,0.0,False,BJ2018
2MASS J10341648-1713497,3747874705432998528,7.3065,7.2685,7.1209,7.5028,7.21157,7.33391,0.995,-1402.0,-1398.9,0.0,A,0.0382,False,BJ2018
2MASS J11013438-0728278,3763475164819254400,8.9695,7.4352,8.2474,9.6897,7.16567,7.79779,0.829,4981.6,4933.6,0.297,B,0.05286,False,BJ2018
HD 97441,3804109197571863424,9.8729,9.2928,9.4256,10.3471,9.20326,9.39743,0.941,3661.4,3613.6,0.0,A,0.14019,False,BJ2018
2MASS J11172611+0753403,3818634983124778240,6.5128,7.864,5.563,7.8558,7.47117,8.21177,1.207,3577.9,3960.3,0.0,B,0.04952,False,BJ2018
TYC 5461-13-1,3820287514741772544,5.5189,5.5245,5.054,6.0237,5.46141,5.60759,1.001,-2797.4,-2791.7,0.0,A,0.03586,False,BJ2018
AN Sex,3828238392559860992,6.345,6.3106,6.1973,6.4967,6.26041,6.35988,0.995,-335.4,-337.4,0.0,A,0.00056,False,BJ2018
StKM 1-768,3844772023784477824,3.1059,3.1789,3.0464,3.1682,3.16593,3.19502,1.024,-622.1,-632.6,0.0,A,0.00198,False,BJ2018
GJ 349,3852570413083923072,9.238,9.2522,9.1748,9.3033,9.23471,9.26961,1.002,-200.5,-200.4,0.0,A,0.00026,False,BJ2018
GJ 393,3855208897392952192,6.8446,6.8222,6.8079,6.8806,6.8121,6.83168,0.997,-48.5,-51.8,0.0,A,1e-05,False,BJ2018
TYC 868-331-1,3918640376033922816,5.8942,5.6011,5.3598,6.4622,5.39006,5.83154,0.95,4244.6,4168.9,0.0,A,0.01164,False,BJ2018
TYC 1444-884-1,3951322706335390848,8.9976,9.2173,8.0893,10.2252,8.99594,9.45077,1.024,-4083.1,-4172.5,0.0,A,0.19944,False,BJ2018
GJ 3649,3972130276695660288,0.8877,0.9217,0.855,0.921,0.91691,0.92642,1.038,-511.2,-522.0,0.0,A,0.00097,False,BJ2018
2MASS J10473715+2046031,3988313541668451584,7.602,8.0658,5.9764,10.2793,6.93607,11.34476,1.061,-4428.3,-4376.0,0.289,A,0.33322,False,BJ2018
PM J12168+2451E,4002440548098640896,4.9786,5.0124,4.9118,5.0453,4.96918,5.0457,1.007,714.7,720.1,0.0,A,0.0018,False,BJ2018
HIP 59735,4013618045867915520,7.4374,7.5077,7.3045,7.5607,7.4712,7.5425,1.009,-1318.8,-1314.7,0.0,A,0.013,False,BJ2018
61 UMa,4025850731201819392,9.1142,9.0965,8.999,9.2153,9.07244,9.12019,0.998,158.2,160.6,0.0,A,0.00021,False,BJ2018
GJ 450,4031586157514097024,8.7558,8.7634,8.7408,8.7627,8.76072,8.76568,1.001,-12.8,11.4,0.0,A,0.0,False,BJ2018
Groombridge 1830,4034171629042489088,8.7413,8.737,8.7334,8.7488,8.73495,8.73899,1.0,8.5,8.5,0.0,A,0.0,False,BJ2018
TYC 7886-1140-1,4036664084514698496,6.6515,6.6998,6.3202,6.9898,6.62665,6.77602,1.007,-2107.5,-2153.8,0.0,A,0.03655,False,BJ2018
GJ 702.1,4038724053986441856,8.5067,8.5358,8.3494,8.6735,8.48698,8.59549,1.003,-830.1,-838.5,0.0,A,0.00028,False,BJ2018
Gaia DR3 4042102024165074560,4042102024165074560,8.622,10.8801,7.9043,9.418,10.66106,11.05638,1.262,-4380.3,-4505.8,0.0,A,0.16298,False,BJ2018
2MASS J17572446-3239133,4043355398699745408,3.6512,3.8406,3.4729,3.8465,3.75908,3.93192,1.052,-1870.2,-2026.4,0.0,A,0.00413,False,BJ2018
HR 6907,4048037707717866880,6.3561,5.9916,6.2187,6.5081,5.92465,6.06514,0.943,2076.6,2052.2,0.0,A,0.00471,False,BJ2018
Gaia DR3 4048941295729613056,4048941295729613056,4.4502,11.5536,3.3615,5.7608,10.2074,21.83225,2.596,-4728.8,-4689.6,0.332,B,0.3806,False,BJ2018
HD 317323,4049755797711363328,5.7695,4.0333,4.3551,8.5807,3.66837,4.52311,0.699,2714.7,1924.8,0.0,A,0.04139,False,BJ2018
2MASS J18193400-2756063,4052160940651310080,9.2565,9.3211,9.0579,9.4729,9.19803,9.43062,1.007,-947.0,-950.9,0.0,A,0.0004,False,BJ2018
LTT 7072,4055585060376248832,7.7055,7.6417,7.5889,7.8222,7.60245,7.68316,0.992,334.0,331.5,0.0,A,3e-05,False,BJ2018
Gaia DR3 4058181801957865856,4058181801957865856,9.9452,12.3714,7.4715,14.8461,9.3791,24.22935,1.244,-3142.4,-4043.5,0.25,B,0.01653,False,BJ2018
HIP 86696,4060668003905641088,9.1863,7.7764,7.1639,12.665,7.41409,8.10153,0.847,3538.6,3134.5,0.0,B,0.03543,False,BJ2018
UPM J1747-2543,4067100486171496320,4.853,4.8136,4.6597,5.0584,4.74702,4.8678,0.992,-1009.2,-1003.8,0.0,A,0.00015,False,BJ2018
2MASS J18464158-2856569,4071418508850782976,5.2692,5.3388,5.1826,5.3574,5.30866,5.37214,1.013,743.4,749.6,0.0,A,0.00115,False,BJ2018
HIP 92444,4072260704719970944,8.357,8.3805,8.2854,8.4311,8.33166,8.44347,1.003,-605.5,-605.7,0.0,A,0.00134,False,BJ2018
2MASS J18391159-2608549,4072939064715503232,2.6811,2.5762,2.5962,2.7687,2.53624,2.60656,0.961,1386.1,1332.8,0.0,A,0.00565,False,BJ2018
2MASS J18511596-2444585,4074860774840893568,7.4724,7.3672,7.3582,7.585,7.29891,7.42787,0.986,1222.8,1191.4,0.0,A,0.00428,False,BJ2018
TYC 6858-472-1,4077725792981242496,9.8435,9.9959,9.4849,10.2675,9.87428,10.13553,1.015,-2453.5,-2474.4,0.0,A,0.01794,False,BJ2018
HIP 90793,4077786055567283584,6.5878,7.254,6.1568,7.0248,7.16232,7.33786,1.101,-2809.8,-2889.4,0.0,A,0.06046,False,BJ2018
2MASS J18542805-2143506,4078830110579099520,5.4807,5.4002,5.2844,5.6872,5.3037,5.53196,0.985,1397.2,1375.2,0.0,A,0.00584,False,BJ2018
HD 176660,4081824703529729408,7.0945,7.0525,6.7075,7.5254,6.97653,7.11373,0.994,-2409.3,-2404.9,0.0,A,0.09046,False,BJ2018
Gaia DR3 4082721046014185472,4082721046014185472,7.3873,10.4731,6.0117,9.7002,7.95125,15.96309,1.418,-1678.3,-2365.5,0.066,A,0.16128,False,BJ2018
2MASS J18525196-2038095,4085133134030406656,7.925,5.705,5.0607,19.8111,5.294,6.0858,0.72,-3113.7,-2762.5,0.0,B,0.02543,False,BJ2018
2MASS J19105907-1618096,4088096695809002240,11.2963,10.347,10.2524,12.5382,10.02108,10.73797,0.916,4054.8,4169.6,0.0,A,0.86762,False,BJ2018
PM J19081-1640,4088716373694306048,9.3961,9.2564,9.1562,9.6326,9.19227,9.32901,0.985,639.0,630.7,0.0,A,0.00044,False,BJ2018
2MASS J19101981-1605346,4088854495524564608,7.2118,7.107,6.8123,7.6388,6.96998,7.22243,0.985,1176.5,1150.0,0.0,A,0.0081,False,BJ2018
GJ 716,4093301474693288960,4.3037,4.298,4.2822,4.3239,4.28712,4.30858,0.999,266.2,265.5,0.0,A,2e-05,False,BJ2018
LTT 7246,4094679437572611712,9.6076,9.5793,9.4547,9.7531,9.50027,9.66355,0.997,-247.9,-247.6,0.0,A,4e-05,False,BJ2018
Gaia DR2 4095545298661302272,4095545298661302272,9.7725,9.6355,9.5434,10.0106,9.55673,9.70911,0.986,525.6,520.4,0.0,A,0.0003,False,BJ2018
2MASS J18451318-1749361,4098725021914615680,6.7759,6.0344,5.8568,7.918,5.8054,6.26513,0.891,2145.8,2002.2,0.0,B,0.02332,False,BJ2018
2MASS J18392301-1626494,4099857170950792064,7.325,6.8568,6.6543,8.1398,6.71439,7.00704,0.936,895.5,838.4,0.0,A,0.00154,False,BJ2018
HIP 93398,4101624159180751104,7.7352,7.6632,7.4979,7.9934,7.6204,7.70235,0.991,1084.7,1076.5,0.0,A,0.00138,False,BJ2018
2MASS J18245331-1441400,4104211619276119296,10.0942,9.7264,9.8051,10.3957,9.65131,9.82319,0.964,1183.1,1164.7,0.0,A,0.00269,False,BJ2018
30 Sco,4109034455276324608,5.9487,5.9538,5.9442,5.9531,5.9526,5.95478,1.001,0.2,0.0,0.0,A,0.0,False,BJ2018
HIP 85548,4110493197968056192,8.0246,7.7898,7.7866,8.2586,7.68549,7.88941,0.971,2380.1,2296.4,0.0,B,0.01078,False,BJ2018
UCAC4 339-091286,4114729337024320768,5.3322,5.3628,4.9335,5.7776,5.31655,5.39574,1.006,1269.8,1256.8,0.0,A,0.01738,False,BJ2018
2MASS J17125916-2127351,4115816002439386880,4.4932,4.4222,4.3823,4.6126,4.38133,4.46006,0.984,785.6,777.8,0.0,A,0.00111,False,BJ2018
2MASS J17440283-1906065,4120105948884490880,8.6846,8.5858,8.46,8.9075,8.53625,8.63324,0.989,1354.2,1362.8,0.0,A,0.01706,False,BJ2018
2MASS J17475208-1838598,4120330730291114112,3.9569,4.0209,3.4703,4.5323,3.90702,4.16169,1.016,3233.1,3313.2,0.0,B,0.02695,False,BJ2018
HIP 85285,4120818677274916224,9.612,9.5382,9.4969,9.7244,9.50631,9.57266,0.992,-989.0,-986.2,0.0,A,0.0035,False,BJ2018
HIP 85017,4122133830616441728,8.6935,8.7148,8.6273,8.7592,8.69626,8.73193,1.002,379.3,379.3,0.0,A,0.00017,False,BJ2018
HD 157811,4123043569072081792,7.8457,7.8546,7.5969,8.0952,7.7967,7.91046,1.001,2477.3,2435.3,0.0,A,0.02329,False,BJ2018
Gaia DR3 4126996760051886976,4126996760051886976,6.4163,10.5919,6.0237,6.8513,10.18111,10.9964,1.651,1542.2,1793.0,0.0,B,0.01671,False,BJ2018
2MASS J16542893-2105333,4127146469739668992,5.9292,5.9612,5.6326,6.2523,5.79858,6.13435,1.005,2989.9,2964.1,0.0,B,0.11091,False,BJ2018
2MASS J16341426-1857190,4131426142645056896,7.3287,7.3646,7.1359,7.5095,7.31922,7.42885,1.005,1086.0,1083.7,0.0,B,0.01493,False,BJ2018
GJ 3973,4134107168607042816,4.6299,4.6783,4.5878,4.6722,4.67076,4.68693,1.01,222.5,223.4,0.0,A,7e-05,False,BJ2018
TYC 6241-652-1,4134317690751532288,6.8318,6.6129,6.132,7.6117,6.52798,6.69186,0.968,4252.5,4082.9,0.0,A,0.07427,False,BJ2018
TYC 6241-814-1,4134382557611434880,5.8122,6.0097,5.606,6.0214,5.97212,6.04274,1.034,1214.8,1207.6,0.0,A,0.014,False,BJ2018
2MASS J17151849-1800269,4134730827926683776,4.9658,4.3308,4.0135,6.4827,4.04944,4.70329,0.872,4171.9,3780.7,0.0,A,0.05171,False,BJ2018
2MASS J17243967-1642164,4135077899971378688,2.612,2.5404,2.3339,2.9314,2.46633,2.61277,0.973,4182.5,4199.1,0.0,A,0.19036,False,BJ2018
TYC 5656-164-1,4139554007476872448,2.5439,2.378,2.1435,2.9676,2.31021,2.44385,0.935,2974.3,3025.6,0.0,A,0.17286,False,BJ2018
2MASS J17231414-1140253,4141896585720925952,7.4013,7.6302,6.1428,9.3571,7.1609,8.06935,1.031,3532.6,3629.7,0.0,A,0.08671,False,BJ2018
2MASS J18014916-1635267,4144285725784183040,5.288,5.2668,5.1706,5.4045,5.23188,5.30798,0.996,870.6,864.2,0.0,A,0.00058,False,BJ2018
2MASS J18054245-1650234,4144298679372999168,6.8391,6.8413,6.7494,6.9332,6.80337,6.87458,1.0,950.9,945.5,0.0,A,0.00076,False,BJ2018
TYC 6250-160-1,4145288789630571904,3.9166,3.9307,3.6431,4.1841,3.88461,3.97783,1.004,1889.6,1865.6,0.0,A,0.01067,False,BJ2018
Gaia DR3 4147111431933779840,4147111431933779840,9.9697,10.427,9.124,10.8759,9.9149,10.89379,1.046,-3119.6,-3203.8,0.0,B,0.02625,False,BJ2018
TYC 5687-444-1,4150214906579637888,9.7965,9.5372,8.2668,11.7632,8.76678,10.44304,0.974,1668.8,2142.3,0.0,B,0.01084,False,BJ2018
TYC 5687-303-1,4150264045318703488,9.7543,9.9559,9.2953,10.21,9.88146,10.03676,1.021,2244.6,2229.7,0.0,A,0.04055,False,BJ2018
2MASS J17591374-1241182,4150570362397250560,3.6556,3.4262,3.4033,3.9216,3.3875,3.47166,0.937,2293.1,2290.4,0.0,A,0.05345,False,BJ2018
HD 169914,4152969221884292992,6.2242,5.8411,6.0607,6.4029,5.77354,5.90769,0.938,1419.1,1368.8,0.0,B,0.00495,False,BJ2018
2 Sct,4155413814250528128,3.1137,3.1025,2.7879,3.453,2.99131,3.22254,0.996,1448.6,1410.4,0.0,A,0.00339,False,BJ2018
TYC 5680-625-1,4158130088943503872,8.9299,9.0107,8.717,9.1381,8.97329,9.05505,1.009,1158.0,1158.6,0.0,A,0.00383,False,BJ2018
Gaia DR2 4159710357713778560,4159710357713778560,1.7089,2.5147,1.3446,2.0898,2.42976,2.61146,1.472,3823.2,3924.5,0.0,A,0.101,False,BJ2018
2MASS J18181989-0721281,4160413362283238016,4.9873,5.1558,4.8324,5.1659,5.03725,5.26311,1.034,1707.0,1752.7,0.0,A,0.01244,False,BJ2018
TYC 5110-325-1,4160660580596347008,7.0084,7.1325,6.8123,7.227,7.09872,7.16407,1.018,1010.0,1038.8,0.0,A,0.00854,False,BJ2018
HD 158301,4162768550532480768,4.4687,4.4958,4.4196,4.514,4.48235,4.51214,1.006,835.4,834.3,0.0,A,0.00157,False,BJ2018
2MASS J17364531-1049115,4163342491298898944,7.6308,8.1216,6.2089,9.2543,7.94686,8.3061,1.064,3627.5,3686.7,0.0,A,0.48584,False,BJ2018
StKM 1-1478,4166110649261069312,7.2253,7.2911,6.6483,7.8421,7.20978,7.37347,1.009,1710.8,1724.3,0.0,A,0.00796,False,BJ2018
LP 688-37,4166869660174061312,9.3858,9.2774,9.2645,9.5157,9.23434,9.32093,0.988,326.2,322.5,0.0,A,0.00011,False,BJ2018
LP 688-38,4166869660174943104,9.5134,9.5018,9.4509,9.578,9.44702,9.55642,0.999,321.7,320.9,0.0,A,0.0001,False,BJ2018
2MASS J17392848-0840591,4168244938769644160,5.0408,5.2487,4.9157,5.1719,5.18801,5.31738,1.041,967.9,1016.0,0.0,A,0.0108,False,BJ2018
TYC 5093-89-1,4169039512016464384,8.2436,8.2556,7.93,8.54,8.18144,8.3229,1.001,2550.5,2501.8,0.0,A,0.08063,False,BJ2018
2MASS J17312838-0734166,4169319440805220096,6.9041,7.0693,6.4089,7.4532,6.9337,7.17833,1.024,2651.8,2640.9,0.0,B,0.03785,False,BJ2018
HD 164433B,4170824152529516928,9.2104,8.8723,8.7346,9.7281,8.67893,9.08067,0.963,2527.9,2415.8,0.0,A,0.01634,False,BJ2018
HIP 87710,4171518910746338560,9.4464,9.4326,9.3371,9.5486,9.40188,9.45719,0.999,557.5,557.2,0.0,A,0.00046,False,BJ2018
2MASS J18023425-0607597,4172194491918287872,8.8504,9.298,8.0886,9.6167,9.06137,9.56038,1.051,3951.0,3950.3,0.0,A,0.21979,False,BJ2018
SAO 142106,4172948928703343616,9.2253,9.2238,9.0989,9.365,9.19311,9.2582,1.0,719.4,720.2,0.0,A,0.00149,False,BJ2018
2MASS J18163947-0517199,4173255138379329280,4.844,6.6952,3.5904,7.3509,6.06002,7.5531,1.382,3871.7,3848.7,0.031,B,0.07105,False,BJ2018
Gaia DR3 4173255138381749376,4173255138381749376,9.2824,10.6889,7.5674,11.9189,9.61178,12.20658,1.152,3578.3,4213.4,0.094,B,0.06329,False,BJ2018
PM J18073-0407,4174183710306651904,9.2872,9.2808,9.1664,9.413,9.23265,9.33291,0.999,671.3,668.8,0.0,A,0.00059,False,BJ2018
2MASS J17452439-0317525,4176933730627382912,9.5663,9.3055,9.0757,10.0654,9.06097,9.56147,0.973,2531.5,2514.6,0.0,A,0.14564,False,BJ2018
GJ 701,4177731838628465408,4.6392,4.6406,4.6101,4.6695,4.62515,4.65621,1.0,-149.9,-150.0,0.0,A,4e-05,False,BJ2018
2MASS J17525037-0208236,4178565745183291520,5.7363,5.7735,5.5961,5.8751,5.72894,5.81903,1.006,1211.9,1201.7,0.0,A,0.0076,False,BJ2018
Gaia DR3 4178894434741394688,4178894434741394688,9.1514,12.2169,6.8678,11.9998,11.66115,12.73007,1.335,4745.7,4204.9,0.0,B,0.38966,False,BJ2018
TYC 6303-1258-1,4180095994783022720,8.3452,8.9519,8.0497,8.6378,8.86633,9.04551,1.073,2837.5,2830.9,0.0,A,0.16407,False,BJ2018
2MASS J19353600-1612220,4180433235621035776,5.3044,5.3385,5.1906,5.4229,5.30382,5.37647,1.006,-692.2,-689.8,0.0,A,0.00337,False,BJ2018
WDS J19445-1518A,4181867308017304576,6.994,7.0864,6.9094,7.0804,7.05252,7.1182,1.013,322.4,324.4,0.0,A,0.00075,False,BJ2018
Gaia DR2 4185616500930919296,4185616500930919296,7.7243,8.2224,7.5454,7.9201,6.65504,10.79901,1.064,1741.2,1778.4,0.004,A,0.06399,False,BJ2018
2MASS J19215812-1243585,4185809877538440320,1.5305,1.1599,1.1245,1.9731,1.10542,1.22407,0.758,-3379.1,-3495.2,0.0,A,0.17425,False,BJ2018
GJ 1240,4187837450005193088,6.5895,6.5957,6.5519,6.6279,6.58032,6.61042,1.001,304.2,303.5,0.0,A,0.00037,False,BJ2018
2MASS J19582839-1237334,4188969431580611456,7.633,7.7534,7.5668,7.6966,7.7038,7.79948,1.016,-639.5,-645.9,0.0,A,0.00051,False,BJ2018
2MASS J20091220-0833569,4191721509187333760,6.4143,4.7713,5.8499,6.9985,4.61154,4.93415,0.744,3717.5,3670.8,0.0,A,0.75042,False,BJ2018
2MASS J19072279-1308352,4197778989326117504,2.9873,3.1001,2.706,3.2709,2.98752,3.24436,1.038,4172.0,4230.3,0.0,B,0.17515,False,BJ2018
HD 177966,4197805003960381696,6.2023,6.1736,6.1258,6.2863,6.15009,6.19539,0.995,719.5,715.2,0.0,A,0.00296,False,BJ2018
TYC 5714-51-1,4198771234175883264,8.7518,9.1759,8.3102,9.2219,9.1074,9.25141,1.048,3589.1,3561.1,0.0,A,0.0618,False,BJ2018
TYC 5708-357-1,4201609520347419648,9.2158,8.7055,7.7507,11.2431,7.85475,9.86964,0.945,2311.6,1904.3,0.0,B,0.03261,False,BJ2018
2MASS J19000502-0959290,4202524691996492672,7.4048,7.2935,7.1367,7.6684,7.23505,7.356,0.985,1327.2,1289.0,0.0,A,0.00939,False,BJ2018
HD 175431,4203568678310135680,5.8211,5.6206,5.5462,6.1067,5.5686,5.6773,0.966,3046.4,3047.4,0.0,A,0.03212,False,BJ2018
PM J19449-0405,4209694538576043136,8.6362,8.7477,8.5626,8.7128,8.71362,8.78385,1.013,515.8,517.9,0.0,B,0.00295,False,BJ2018
Gaia DR2 4210077885869863168,4210077885869863168,8.9918,9.8841,8.0125,10.0189,9.60328,10.16199,1.099,3641.0,3588.8,0.0,A,0.24403,False,BJ2018
HD 182281,4211461178886787328,5.7428,5.9771,5.5634,5.9376,5.91344,6.05278,1.041,-3565.5,-3568.5,0.0,A,0.10462,False,BJ2018
2MASS J19251227-0438228,4211671872797771648,6.7679,6.6454,6.6605,6.8754,6.60756,6.68067,0.982,399.0,393.2,0.0,A,0.00016,False,BJ2018
SCR J1919-0255,4213036572895389184,6.2016,5.995,6.0779,6.3386,5.90974,6.07344,0.967,225.2,218.3,0.0,A,5e-05,False,BJ2018
2MASS J19284297-0300429,4213618519477490176,6.3794,6.345,5.8045,7.0696,6.14761,6.55883,0.995,923.2,916.0,0.0,A,0.00443,False,BJ2018
SAO 143559,4214108253128844800,8.2796,8.6692,8.0251,8.555,8.58566,8.74744,1.047,2185.5,2225.6,0.0,A,0.04222,False,BJ2018
HIP 98723,4219998165113880192,8.7049,8.7434,8.6429,8.7699,8.72773,8.75842,1.004,327.9,327.8,0.0,A,0.00097,False,BJ2018
StKM 1-1741,4221163269481517312,7.2768,7.248,7.1949,7.3647,7.21812,7.28302,0.996,-590.3,-589.9,0.0,A,0.00167,False,BJ2018
TYC 496-1284-1,4230527260255237504,8.3234,8.3287,8.1361,8.516,8.28487,8.37186,1.001,2098.3,2088.7,0.0,A,0.01961,False,BJ2018
G 92-43,4233951379987062912,9.1546,9.1975,9.0794,9.2356,9.17172,9.22373,1.005,311.0,312.0,0.0,A,0.00012,False,BJ2018
2MASS J19410437-0007437,4238446870727017216,6.8483,6.9639,6.7583,6.9334,6.91589,7.00962,1.017,857.5,860.3,0.0,B,0.00683,False,BJ2018
StKM 1-1721,4238621005872738944,8.0214,7.9041,7.7762,8.2705,7.84122,7.98373,0.985,2714.3,2708.7,0.0,A,0.06587,False,BJ2018
TYC 485-2066-1,4240932935230770688,5.4835,5.4871,5.3033,5.6689,5.43739,5.53393,1.001,2248.4,2272.6,0.0,A,0.06586,False,BJ2018
HD 192585,4244515281545588864,8.0596,8.7993,7.4937,8.6405,8.72633,8.87173,1.092,3161.1,3100.2,0.0,A,0.2982,False,BJ2018
2MASS J20264479+0235123,4244652548699706240,9.0432,8.5054,8.4029,9.7746,8.27299,8.73689,0.941,3913.5,4011.9,0.0,A,0.09674,False,BJ2018
V1654 Aql,4247023886053586304,3.6216,3.6105,3.5969,3.6462,3.59843,3.62144,0.997,375.1,375.0,0.0,A,0.00012,False,BJ2018
2MASS J20095564+0516484,4247933487100413056,8.5842,8.1638,8.2203,9.0278,8.04657,8.3018,0.951,3263.2,3205.2,0.0,A,0.1494,False,BJ2018
2MASS J18490662-0736271,4252064627163404032,6.1478,6.1484,6.0419,6.255,6.09763,6.20046,1.0,561.0,563.4,0.0,A,0.00031,False,BJ2018
2MASS J18412087-0642381,4252984544762111360,4.6306,4.7759,4.4733,4.7948,4.68097,4.85944,1.031,1174.0,1217.9,0.0,A,0.00189,False,BJ2018
2MASS J19014073-0503228,4254339211829994880,5.2287,5.0603,4.8096,5.6924,4.87165,5.28873,0.968,1480.5,1468.7,0.0,A,0.00406,False,BJ2018
HIP 93190,4254600929960741120,8.7223,8.8757,8.4069,9.0424,8.82017,8.92802,1.018,2893.6,2916.5,0.0,A,0.05396,False,BJ2018
Gaia DR3 4256386949123288320,4256386949123288320,9.5764,10.9392,7.4454,13.0508,10.61137,11.2432,1.142,2225.3,2522.0,0.0,A,0.04998,False,BJ2018
2MASS J18424555-0133569,4260133874287679232,4.7623,4.8227,4.6479,4.8862,4.79174,4.85065,1.013,628.8,633.6,0.0,A,0.00038,False,BJ2018
TYC 5129-273-1,4262254076296747264,2.2202,1.637,1.937,2.5121,1.58766,1.68246,0.737,2182.1,2149.2,0.0,A,0.04183,False,BJ2018
GJ 715,4270446404294208000,7.2383,7.2911,7.1971,7.2791,7.27663,7.30779,1.007,284.1,284.7,0.0,A,7e-05,False,BJ2018
Gliese 710,4270814637616488064,0.0676,0.052,0.0519,0.0842,0.0491,0.05537,0.769,1281.4,1295.8,0.0,A,0.00127,False,BJ2018
Gaia DR2 4271147583481578240,4271147583481578240,3.3391,3.216,3.0662,3.6246,3.15231,3.28671,0.963,3267.6,3218.1,0.0,A,0.05201,False,BJ2018
2MASS J18255788-0111025,4271300003282158976,7.3389,7.1604,6.2126,9.0129,6.61943,7.83101,0.976,3443.8,3321.9,0.0,A,0.04073,False,BJ2018
Gaia DR3 4271301927427536000,4271301927427536000,8.7733,12.639,7.1989,11.3214,11.19995,14.246,1.441,-1302.4,-1817.8,0.0,B,0.01729,False,BJ2018
Gaia DR3 4274466528049190144,4274466528049190144,9.4762,9.9241,8.994,10.0073,9.8144,10.05077,1.047,3465.6,3531.9,0.0,A,0.03998,False,BJ2018
HIP 88961,4275193889350151680,7.7692,7.8272,7.6605,7.8795,7.79675,7.8506,1.007,668.2,668.1,0.0,A,0.00037,False,BJ2018
TYC 435-2060-1,4277673322434389248,7.7709,8.2089,7.3589,8.2191,8.15029,8.28826,1.056,2572.4,2614.0,0.0,A,0.04226,False,BJ2018
2MASS J18261209+0342434,4278064542422042496,7.4228,9.0293,6.3568,9.0346,8.46247,9.88259,1.216,725.4,881.9,0.0,B,0.00216,False,BJ2018
2MASS J18415347+0114081,4278784344569578240,9.6489,9.6404,9.1884,10.1346,9.50932,9.7556,0.999,2118.1,2159.4,0.0,A,0.06017,False,BJ2018
2MASS J19063174+0454382,4281439355916807424,9.4254,9.7269,9.0172,9.8252,9.57909,9.86057,1.032,2466.5,2421.8,0.0,A,0.03242,False,BJ2018
TYC 457-315-1,4281652966102190080,9.2019,9.0245,8.9582,9.4543,8.91523,9.12043,0.981,1611.4,1598.8,0.0,A,0.00689,False,BJ2018
TYC 456-474-1,4282191078280641536,3.6149,5.0223,3.0094,4.239,4.79153,5.27279,1.389,2482.1,2678.3,0.0,B,0.02138,False,BJ2018
2MASS J18341769+0343582,4283348413037187840,6.2375,5.5586,5.5462,7.1943,5.05033,6.24789,0.891,3314.0,2918.9,0.0,A,0.03537,False,BJ2018
TYC 441-814-1,4284152847546316288,9.3377,9.5503,9.053,9.6478,9.4529,9.6409,1.023,750.7,763.5,0.0,A,0.00027,False,BJ2018
2MASS J18300193+0506101,4284318461479138816,6.9865,7.1538,6.7031,7.3076,6.98855,7.30055,1.024,1722.2,1753.0,0.0,A,0.03584,False,BJ2018
PM J18451+0620,4285624303336874624,5.3054,5.6044,4.9771,5.6868,5.54258,5.68655,1.056,649.1,676.3,0.0,A,0.00034,False,BJ2018
TYC 461-183-1,4285987898075297152,8.979,8.7235,8.1889,9.9097,8.50233,9.00227,0.972,2899.9,2915.0,0.0,B,0.02407,False,BJ2018
WDS J18367+0640C,4286583489800632832,7.0807,6.6235,6.4195,7.8205,6.45921,6.80695,0.935,3687.3,3622.2,0.0,A,0.10859,False,BJ2018
GJ 9660,4287473578816247936,9.4299,9.5535,9.1667,9.6907,9.51097,9.59612,1.013,363.4,365.7,0.0,A,0.00051,False,BJ2018
TYC 478-779-1,4287623967079142144,8.5947,9.3368,8.291,8.9149,9.23331,9.43392,1.086,-2630.8,-2675.6,0.0,A,0.13763,False,BJ2018
GJ 763,4291123545113039616,8.3068,8.3459,8.2802,8.335,8.32516,8.36411,1.005,159.5,159.6,0.0,A,3e-05,False,BJ2018
V1428 Aql,4293318823182081408,4.4518,4.4705,4.4374,4.4664,4.46257,4.47817,1.004,-70.3,-70.2,0.0,A,0.0,False,BJ2018
GJ 4115,4296063169833346176,9.0691,9.0652,8.909,9.2454,8.93877,9.21142,1.0,1046.2,1041.1,0.0,A,0.00107,False,BJ2018
LSPM J1953+0503,4296445486308179456,8.9731,9.0088,8.8465,9.0987,8.95606,9.05869,1.004,-431.0,-433.2,0.0,A,0.00018,False,BJ2018
2MASS J19533307+0926425,4300169639576264320,7.169,7.4578,6.6319,7.8373,7.24642,7.7443,1.04,1776.8,1839.1,0.0,A,0.01065,False,BJ2018
LTT 15849,4300656654504945280,3.852,3.8586,3.8287,3.8751,3.85211,3.86486,1.002,73.1,72.9,0.0,A,2e-05,False,BJ2018
2MASS J20011290+1041306,4300686719276459648,8.5929,7.8958,8.2245,8.9728,7.69256,8.10047,0.919,4167.8,4081.6,0.0,A,0.20548,False,BJ2018
TYC 1079-2866-1,4304019854424420736,3.8372,4.7328,3.359,4.3273,4.61745,4.87058,1.233,4707.2,4817.1,0.0,A,0.21898,False,BJ2018
HD 179840A,4306487497803508736,7.4965,7.2566,7.2971,7.6979,7.03807,7.44385,0.968,3070.5,3044.2,0.0,A,0.02923,False,BJ2018
Gaia DR2 4309169417122411008,4309169417122411008,6.1504,5.471,5.2836,7.2727,5.2751,5.66653,0.89,3490.2,3431.8,0.0,A,0.06556,False,BJ2018
Gaia DR3 4309243427999669248,4309243427999669248,7.3963,12.1441,6.5979,8.2541,11.51757,12.77393,1.642,3775.0,3971.4,0.0,B,0.06375,False,BJ2018
HD 230325,4311893972619003648,9.3273,9.4254,9.2171,9.4447,9.36888,9.48954,1.011,931.1,938.7,0.0,A,0.00115,False,BJ2018
GJ 734 A,4311983376654646656,7.6324,7.6128,7.5227,7.7462,7.56391,7.66425,0.997,570.7,575.5,0.0,B,0.00028,False,BJ2018
2MASS J19082324+1131176,4312679294452119808,6.9017,6.9569,6.5769,7.2589,6.83383,7.04981,1.008,2667.7,2625.9,0.0,A,0.00344,False,BJ2018
HD 230333,4313658516973917952,9.0518,8.5022,8.6913,9.4211,8.40988,8.59106,0.939,2987.8,3029.2,0.0,A,0.08448,False,BJ2018
WDS J19012+1253A,4313869756307345664,7.3855,7.9716,6.1801,9.1515,7.90445,8.04558,1.079,935.9,995.6,0.0,A,0.00112,False,BJ2018
HIP 95772,4314798744888764544,5.8228,5.8372,5.7757,5.8688,5.81839,5.8562,1.002,963.0,960.3,0.0,A,0.00143,False,BJ2018
b Aql,4315804351350378496,8.4318,8.4011,8.3959,8.4688,8.3834,8.41491,0.996,99.4,99.3,0.0,A,1e-05,False,BJ2018
2MASS J19290933+1304592,4316456739688577280,6.1294,6.3367,5.9188,6.3323,6.00047,6.70706,1.034,-4645.7,-4706.1,0.164,A,0.09624,False,BJ2018
HIP 95649,4319659032940463232,5.718,5.7948,5.6299,5.8062,5.76626,5.82036,1.013,1059.2,1053.8,0.0,A,0.00351,False,BJ2018
TYC 1600-1353-1,4321607608054513792,9.9837,9.9841,9.8091,10.1577,9.94214,10.0317,1.0,957.1,954.4,0.0,A,0.00419,False,BJ2018
HD 231577,4322521714537666304,7.5176,7.9969,5.4035,12.413,6.09605,11.26232,1.064,1817.7,1934.0,0.016,A,0.015,False,BJ2018
HD 231309,4322784016783790848,8.1184,8.1354,7.9959,8.2465,8.10932,8.16982,1.002,1251.4,1248.4,0.0,A,0.00265,False,BJ2018
V2306 Oph,4330690742322011520,3.2112,3.2034,3.1775,3.2479,3.19542,3.21113,0.998,86.4,86.3,0.0,A,0.0,False,BJ2018
TYC 5631-874-1,4332094303271958144,9.4712,6.9684,8.7933,10.2246,6.60584,7.34958,0.736,2599.7,2584.4,0.0,B,0.10338,False,BJ2018
2MASS J17031680-1113571,4334826520950253184,7.7324,7.5005,6.5682,9.2814,7.33275,7.6997,0.97,3374.3,3416.1,0.0,A,0.25871,False,BJ2018
HD 144687,4341906894799360256,7.6458,7.4242,7.3066,8.0081,7.32061,7.52948,0.971,4577.1,4575.1,0.0,A,0.26009,False,BJ2018
GJ 9541 B,4343064508746082304,6.6802,6.63,6.6289,6.7344,6.60652,6.65677,0.992,800.4,796.7,0.0,A,0.00337,False,BJ2018
GJ 9541 A,4343064577465522816,7.2962,7.2691,7.2363,7.3552,7.23842,7.29825,0.996,796.9,794.6,0.0,A,0.00346,False,BJ2018
2MASS J16280296-0918411,4344543248801935232,10.3223,9.2174,8.8114,12.2087,8.79864,9.68176,0.893,4383.3,4169.6,0.0,A,0.47606,False,BJ2018
TYC 5601-862-1,4347418849668395904,6.0088,5.7746,5.7359,6.3084,5.70524,5.83478,0.961,2036.4,2062.9,0.0,A,0.14494,False,BJ2018
TYC 5044-449-1,4349860173498853760,11.8068,11.4305,10.7757,13.0232,11.16074,11.69173,0.968,3291.2,3301.0,0.0,A,0.63285,False,BJ2018
2MASS J16234274-0725346,4351733333293574400,9.4728,9.4244,8.7159,10.2914,9.15845,9.6317,0.995,4612.9,4889.8,0.148,A,0.25231,False,BJ2018
TYC 5061-1036-1,4352734507349058176,7.5828,7.3668,6.9124,8.3035,7.2057,7.54356,0.972,3883.8,3838.3,0.0,A,0.22328,False,BJ2018
12 Oph,4358031335898505472,8.8829,8.8278,8.8511,8.9143,8.80852,8.84006,0.994,149.1,150.9,0.0,A,1e-05,False,BJ2018
2MASS J17171534-0903118,4359529386131930752,6.4416,6.6177,6.1101,6.8087,6.53915,6.68509,1.027,3424.4,3487.2,0.0,A,0.18127,False,BJ2018
2MASS J17155252-0850365,4359551616882417536,6.803,6.2079,6.2763,7.3732,5.89185,6.60301,0.913,4424.5,4345.0,0.0,A,0.23867,False,BJ2018
TYC 5079-794-1,4361847294082286592,10.1641,10.2399,9.7515,10.5606,10.16581,10.31952,1.007,2746.9,2748.9,0.0,A,0.11245,False,BJ2018
2MASS J17224765-0549197,4362129142718977152,9.7056,7.7112,8.353,11.2541,7.52583,7.8594,0.795,4932.5,4617.2,0.0,A,0.28374,False,BJ2018
2MASS J17245505-0522114,4362243496226418304,1.6601,1.6465,1.3126,2.0847,1.59269,1.71138,0.992,3134.7,3059.2,0.0,A,0.19773,False,BJ2018
TYC 5088-318-1,4362624885022955264,3.3764,3.0391,2.8635,3.9113,2.96161,3.11357,0.9,3898.2,3555.0,0.0,A,0.36576,False,BJ2018
HIP 85661,4362793767434602752,5.7166,5.8998,5.3759,6.0744,5.8506,5.95131,1.032,1614.8,1637.6,0.0,A,0.01967,False,BJ2018
2MASS J17301965-0422001,4362793767434605824,3.7287,3.8697,3.6079,3.8584,3.83342,3.91444,1.038,1650.2,1648.8,0.0,A,0.02182,False,BJ2018
GJ 654,4364480521350598144,9.4362,9.4488,9.3954,9.4732,9.44147,9.45538,1.001,-55.0,-54.9,0.0,A,0.0,False,BJ2018
GJ 653,4364527594192166400,9.4649,9.468,9.4477,9.4829,9.45994,9.47543,1.0,-54.4,-54.4,0.0,A,0.0,False,BJ2018
2MASS J17070247-0314058,4365939745079537280,7.2928,6.5761,6.7722,7.853,6.46335,6.685,0.902,3672.1,3596.0,0.0,A,0.48266,False,BJ2018
2MASS J17120471-0309465,4366655286630587264,7.3916,7.0095,6.9329,7.8808,6.8175,7.2141,0.948,1543.6,1630.2,0.0,B,0.03795,False,BJ2018
TYC 5069-865-1,4366789972507711616,9.8331,9.6313,9.2716,10.4244,9.54023,9.71755,0.979,2867.9,2841.1,0.0,A,0.02705,False,BJ2018
Gaia DR3 4366791041956394880,4366791041956394880,9.6437,10.318,9.2581,10.0507,10.24488,10.40494,1.07,2784.3,2890.6,0.0,A,0.02622,False,BJ2018
StKM 1-1469,4366980879510847232,8.8152,8.822,8.6697,8.9747,8.78682,8.85216,1.001,777.6,774.0,0.0,A,0.00085,False,BJ2018
HR 6465,4367026303085396352,5.7493,5.759,5.7026,5.7959,5.7444,5.77822,1.002,488.2,487.9,0.0,A,0.00046,False,BJ2018
TYC 5069-706-1,4367380586348765184,9.4749,9.1721,9.1494,9.8258,9.06554,9.28482,0.968,3668.3,3676.2,0.0,B,0.21775,False,BJ2018
HIP 84211,4367567915641507072,8.4413,8.4341,8.1375,8.753,8.37865,8.48326,0.999,3247.4,3230.3,0.0,A,0.17771,False,BJ2018
TYC 5082-485-2,4371920504220784384,7.4179,7.6584,6.7065,8.2291,7.53923,7.79962,1.032,3876.2,3959.3,0.0,A,0.521,False,BJ2018
TYC 5067-20-2,4373177177290654336,8.7398,8.8646,8.3159,9.2028,8.79332,8.93056,1.014,2158.0,2173.7,0.0,A,0.07705,False,BJ2018
SAO 141653,4373507614893299840,6.1248,6.2719,5.9919,6.2627,6.23918,6.30693,1.024,1621.6,1656.6,0.0,A,0.00515,False,BJ2018
2MASS J17283602+0140030,4374963089115400576,7.3318,7.5578,6.7186,7.9825,7.45377,7.66768,1.031,4620.3,4600.5,0.0,A,0.14913,False,BJ2018
PM J17228+0112A,4375048541782926080,9.7682,9.589,9.497,10.062,9.52452,9.64377,0.982,693.6,687.2,0.0,A,0.00592,False,BJ2018
SAO 122620,4375406020500519040,9.7721,9.4287,9.2794,10.2828,9.35905,9.49574,0.965,2902.0,2907.7,0.0,A,0.13373,False,BJ2018
TYC 5050-133-1,4379153877682512384,2.343,2.5719,1.8158,2.9032,2.51385,2.63488,1.098,3389.5,3512.2,0.0,A,0.13455,False,BJ2018
TYC 389-1966-1,4385307676762451968,9.8462,10.2391,9.2971,10.4512,10.13617,10.35251,1.04,3021.1,3043.3,0.0,A,0.19102,False,BJ2018
Gaia DR2 4386620081328357504,4386620081328357504,4.6953,5.5166,4.2549,5.1265,5.45335,5.57785,1.175,4016.4,3973.9,0.0,A,0.77231,False,BJ2018
2MASS J17181059+0402348,4388471418392395136,9.7571,9.6783,9.4492,10.0632,9.61059,9.74433,0.992,1748.3,1745.3,0.0,B,0.05753,False,BJ2018
HD 156564,4388471452752133376,9.0651,9.1095,8.9425,9.1894,9.06989,9.15081,1.005,1806.4,1823.4,0.0,A,0.06199,False,BJ2018
2MASS J17243463+0355267,4389157754167139712,1.2655,1.1585,1.1776,1.3523,1.14122,1.17891,0.915,2085.9,1989.5,0.0,A,0.0597,False,BJ2018
GJ 9592,4389844948935164544,6.843,6.8906,6.7426,6.9432,6.85635,6.93511,1.007,409.7,409.6,0.0,A,9e-05,False,BJ2018
TYC 402-1429-1,4391081074880447104,9.2606,9.5629,8.7702,9.8222,9.47514,9.63626,1.033,3654.1,3658.8,0.0,A,0.11936,False,BJ2018
StKM 1-1427,4392762503037652224,6.1361,6.0955,5.9707,6.3086,6.02648,6.1665,0.993,2490.3,2501.0,0.0,A,0.10872,False,BJ2018
2MASS J17050642+0702087,4394744304026433664,9.1933,9.1549,8.7938,9.6332,8.93273,9.34433,0.996,3169.7,3138.1,0.0,A,0.05611,False,BJ2018
TYC 5028-228-1,4400110058207596416,7.716,7.9018,7.5833,7.8574,7.84022,7.96533,1.024,-1290.5,-1307.9,0.0,B,0.00318,False,BJ2018
HR 5779,4400452830957830656,7.4725,7.4154,7.4087,7.5355,7.38713,7.44363,0.992,616.1,614.0,0.0,A,0.00346,False,BJ2018
2MASS J15381859-0440024,4400925346079797888,8.7826,9.6247,7.5946,10.6076,9.08398,10.21635,1.096,-1012.0,-1111.1,0.0,A,0.02684,False,BJ2018
2MASS J15341818-0116004,4416009443021510400,5.7742,6.2313,4.727,7.0618,5.59229,6.95922,1.079,-3369.9,-3543.8,0.043,A,0.4549,False,BJ2018
23 Ser,4423865487962417024,6.8598,6.9249,6.7889,6.9389,6.88866,6.95785,1.009,-591.8,-595.8,0.0,A,0.00138,False,BJ2018
TYC 365-474-1,4426807162606127232,10.8521,10.7478,10.5025,11.1962,10.54841,10.97325,0.99,4009.4,4082.8,0.0,A,0.38285,False,BJ2018
2MASS J15370860+0537228,4428878367631405312,9.1369,8.8628,8.2643,10.1768,8.52421,9.2007,0.97,4351.1,4443.4,0.0,A,0.47582,False,BJ2018
27 Ser,4430238051199001216,2.3001,2.3327,2.2765,2.3246,2.32315,2.34378,1.014,167.4,168.8,0.0,A,0.0001,False,BJ2018
HIP 80597,4431838321653479296,8.3982,8.4566,8.2189,8.5825,8.39095,8.54792,1.007,1732.5,1742.5,0.0,A,0.03441,False,BJ2018
TYC 392-446-1,4434610087390172416,3.3701,3.0332,2.8287,3.9628,2.90431,3.1982,0.9,1758.0,1778.9,0.0,B,0.06637,False,BJ2018
2MASS J16205896+0726312,4439829778324971904,8.3653,8.5272,8.1261,8.6092,8.44398,8.61448,1.019,1477.6,1489.2,0.0,A,0.05354,False,BJ2018
SAO 121662,4440448734652648064,9.8485,9.8946,9.7434,9.9556,9.85412,9.93952,1.005,1152.2,1154.4,0.0,A,0.01816,False,BJ2018
TYC 397-1532-1,4440785082129265536,9.4637,9.7707,9.2917,9.6406,9.71887,9.81595,1.032,1725.3,1748.1,0.0,A,0.02322,False,BJ2018
Gaia DR3 4441367582773727488,4441367582773727488,9.9125,10.053,9.35,10.5153,9.9659,10.15264,1.014,2917.2,2918.5,0.0,A,0.0335,False,BJ2018
2MASS J17024551+1116283,4444985594504544640,7.4258,7.7035,7.2057,7.6632,7.63448,7.7749,1.037,2909.0,2976.8,0.0,A,0.24504,False,BJ2018
TYC 379-716-1,4450258233797230464,4.11,4.0793,3.8867,4.3364,4.04979,4.11093,0.993,2098.1,2055.2,0.0,A,0.0126,False,BJ2018
2MASS J16163533+1522313,4465048383175747584,8.1484,8.4175,7.8246,8.5195,8.30775,8.52883,1.033,2154.4,2215.3,0.0,A,0.00999,False,BJ2018
HIP 80543,4465724715969353472,2.9978,2.979,2.9457,3.0535,2.9615,2.99704,0.994,2023.8,2008.3,0.0,A,0.05245,False,BJ2018
PM J18081+0152,4468275995268525056,7.5848,7.5457,7.5204,7.647,7.48988,7.60259,0.995,-724.3,-719.2,0.0,A,0.00163,False,BJ2018
2MASS J18055113+0303380,4468662306105874176,7.9822,7.7223,7.5919,8.4065,7.58977,7.83379,0.967,3060.4,3008.7,0.0,A,0.06825,False,BJ2018
2MASS J18052912+0319076,4468688282068413696,5.343,5.3737,4.8958,5.8648,5.29049,5.46267,1.006,2173.8,2192.4,0.0,A,0.0585,False,BJ2018
HIP 88986,4469927221212224128,10.3846,9.6041,9.8434,10.9396,9.48713,9.68628,0.925,2824.1,2794.3,0.0,A,0.13517,False,BJ2018
GJ 9614,4471087175915086080,7.1161,7.128,7.0724,7.1585,7.11752,7.1368,1.002,182.2,182.4,0.0,A,4e-05,False,BJ2018
2MASS J18044724+0516559,4471451045548313344,8.3514,8.2944,8.0531,8.6972,8.13963,8.44901,0.993,2410.2,2380.3,0.0,A,0.02778,False,BJ2018
HIP 87151,4472501354027102464,7.9561,8.0946,7.7754,8.1413,8.05085,8.13457,1.017,2897.6,2894.9,0.0,A,0.16287,False,BJ2018
2MASS J18064486+0732008,4475324281414876288,8.6433,9.0195,7.9968,9.3552,8.73591,9.31687,1.044,2930.3,2871.1,0.0,B,0.09776,False,BJ2018
Gaia DR3 4479629144344663296,4479629144344663296,10.0434,10.4351,9.7101,10.4144,10.36566,10.51793,1.039,2097.3,2132.6,0.0,A,0.01198,False,BJ2018
2MASS J18125288+0736267,4481120150805814912,3.1188,1.995,2.4303,3.8283,1.86305,2.10733,0.64,3653.3,3680.1,0.0,A,0.36477,False,BJ2018
2MASS J18183873+0946402,4481886029375642112,9.0041,9.4978,8.3566,9.6951,9.31418,9.66927,1.055,1561.7,1654.4,0.0,A,0.05113,False,BJ2018
HD 160328,4487342390179139200,5.6528,5.3655,5.4178,5.8991,5.32556,5.41126,0.949,3007.9,3046.3,0.0,A,0.09617,False,BJ2018
2MASS J17523421+1025540,4489676137969788160,3.2687,2.9782,2.8074,3.7626,2.83942,3.13013,0.911,4490.1,4551.6,0.0,A,0.65572,False,BJ2018
TYC 1011-23-1,4489735958275104128,6.8569,6.6663,6.6736,7.0513,6.61889,6.71415,0.972,1777.3,1771.9,0.0,B,0.0551,False,BJ2018
TYC 992-192-1,4490721567368465408,7.0844,6.9624,6.9798,7.1947,6.88983,7.02601,0.983,1189.0,1201.8,0.0,B,0.00677,False,BJ2018
2MASS J17372061+1302140,4494162970045854464,12.1034,12.3237,11.1042,13.2121,12.05264,12.68038,1.018,4691.1,4951.5,0.289,A,0.86956,False,BJ2018
TYC 1015-572-1,4496046772763737728,7.6549,6.9514,6.6669,8.6999,6.83348,7.05806,0.908,4345.1,4373.4,0.0,A,0.29606,False,BJ2018
LSPM J1754+1251,4496250461589918080,8.8183,9.1164,8.5001,9.1726,9.03244,9.2109,1.034,520.0,532.8,0.0,A,0.00032,False,BJ2018
2MASS J18095246+1344319,4497343612369218304,9.7328,9.5521,9.3557,10.149,9.43417,9.68586,0.981,728.9,736.3,0.0,B,0.00168,False,BJ2018
HD 164756,4498382277197957632,8.1281,8.1581,8.0292,8.2284,8.14095,8.1768,1.004,582.4,585.8,0.0,A,0.00325,False,BJ2018
2MASS J18061476+1504072,4498447148384273280,5.6688,5.2038,5.3781,5.9894,5.14693,5.26326,0.918,2359.1,2266.6,0.0,A,0.03557,False,BJ2018
TYC 1002-574-1,4499246802573991680,9.1057,8.9671,8.9174,9.2975,8.93955,8.99526,0.985,1176.6,1174.5,0.0,A,0.02865,False,BJ2018
PM J17463+1256,4499391624572320128,8.8354,8.7988,8.7257,8.9481,8.74671,8.84621,0.996,725.0,724.6,0.0,A,0.00557,False,BJ2018
HIP 86912,4499402417829098112,5.1807,5.2154,4.7836,5.5909,5.13828,5.29765,1.007,4600.9,4661.8,0.0,A,0.44381,False,BJ2018
HD 162951,4499759140633797760,5.4008,5.7472,5.0093,5.807,5.67244,5.80684,1.064,3762.4,3822.9,0.0,A,0.3518,False,BJ2018
Gaia DR2 4501175552127764352,4501175552127764352,4.77,4.3087,4.0406,5.7619,4.10388,4.54636,0.903,4106.9,4248.0,0.0,A,0.59425,False,BJ2018
2MASS J18021663+1529380,4501513716373690368,7.9576,8.0974,6.7708,9.4761,7.8773,8.31052,1.018,3451.8,3425.8,0.0,A,0.21013,False,BJ2018
GJ 698,4503423641091793152,5.1675,5.202,5.0677,5.2705,5.17852,5.22321,1.007,693.5,699.0,0.0,A,0.00115,False,BJ2018
TYC 1557-1987-2,4503423641091795712,4.7913,4.8923,4.7132,4.87,4.861,4.9181,1.021,689.7,699.9,0.0,A,0.00105,False,BJ2018
Gaia DR2 4504730303284847744,4504730303284847744,9.6036,9.4968,9.0338,10.1967,9.43557,9.54805,0.989,786.2,773.2,0.0,A,0.00227,False,BJ2018
2MASS J18540640+1403561,4507127277306256768,3.6525,3.67,3.3538,3.9853,3.59221,3.74866,1.005,2455.6,2462.9,0.0,A,0.0425,False,BJ2018
2MASS J18470758+1614419,4510821735139006848,8.5792,8.5308,6.4157,12.9319,8.0277,9.03716,0.994,1610.2,1548.8,0.0,B,0.01918,False,BJ2018
TYC 1586-1834-1,4513153391334819328,2.8943,2.9506,2.8318,2.9592,2.9346,2.96845,1.019,1076.6,1083.7,0.0,B,0.00285,False,BJ2018
2MASS J19151521+1718064,4513440363843336320,5.3176,5.2425,4.7118,6.1161,5.00831,5.54419,0.986,2243.4,2179.2,0.0,B,0.02278,False,BJ2018
2MASS J19110575+1920226,4516318915319912192,1.7056,1.5856,1.5924,1.8295,1.55549,1.6162,0.93,1377.1,1318.3,0.0,A,0.00516,False,BJ2018
HR 7198,4517992926089982720,9.5999,7.7537,9.3174,9.8644,7.65514,7.86481,0.808,4683.0,4620.8,0.0,B,0.09288,False,BJ2018
HD 349433,4518798180913945472,9.0032,8.9257,8.9036,9.098,8.89069,8.96112,0.991,1263.1,1260.5,0.0,A,0.01618,False,BJ2018
TYC 1597-1828-1,4519260937870527360,1.9305,2.3565,1.6541,2.2266,2.30389,2.42837,1.221,3569.4,3571.5,0.0,A,0.08722,False,BJ2018
GJ 745 B,4519789081415296128,5.4055,5.377,5.3431,5.4688,5.35541,5.40188,0.995,-170.9,-170.4,0.0,A,1e-05,False,BJ2018
TYC 1598-1505-1,4520233627713766528,3.573,3.6192,3.5169,3.6316,3.59702,3.64326,1.013,1002.2,1008.8,0.0,A,0.00118,False,BJ2018
TYC 1568-2463-1,4522530679285058432,8.2147,9.0409,7.9367,8.4837,8.93715,9.1345,1.101,1539.7,1552.2,0.0,B,0.02196,False,BJ2018
TYC 1573-1148-1,4523525806025434624,6.5968,7.1654,6.2647,6.9389,7.07401,7.26679,1.086,3411.3,3335.1,0.0,B,0.24867,False,BJ2018
HD 348397,4523718014398005120,1.0051,1.0987,0.2355,2.8926,0.94533,1.35565,1.093,3966.9,4077.8,0.0,B,0.29294,False,BJ2018
2MASS J18402815+1942000,4524674314649397376,10.9363,9.2264,10.5343,11.344,9.0286,9.45616,0.844,4453.2,4438.6,0.0,B,0.28675,False,BJ2018
2MASS J18210008+2032174,4528688008815185664,5.2003,5.2581,5.0063,5.404,5.1899,5.33117,1.011,1580.1,1600.8,0.0,A,0.02365,False,BJ2018
TYC 1579-780-1,4529939944544707712,8.0227,7.7104,7.8527,8.1959,7.6646,7.75426,0.961,2283.5,2288.6,0.0,A,0.0801,False,BJ2018
StKM 1-1636,4536122356687437568,7.2824,7.3884,7.1746,7.3983,7.31744,7.45965,1.015,2064.7,2089.4,0.0,A,0.03366,False,BJ2018
2MASS J18281194+2440535,4536673181955253504,1.4392,0.773,0.9713,1.9256,0.63303,0.91588,0.537,1387.6,1339.7,0.0,B,0.02661,False,BJ2018
PM J17174+1210,4540584071792701952,8.7456,8.7742,8.6616,8.8325,8.74501,8.80686,1.003,421.8,422.4,0.0,A,0.0016,False,BJ2018
PM J17133+1155,4540937942738166656,9.6307,9.6313,9.3942,9.8704,9.56983,9.7009,1.0,1129.5,1130.5,0.0,B,0.01745,False,BJ2018
HIP 84323,4544887186644313216,9.2171,9.0648,8.8457,9.6205,8.94727,9.19823,0.983,3550.4,3499.4,0.0,A,0.02452,False,BJ2018
HD 155767,4544892615483397120,2.4823,2.3771,2.3649,2.6082,2.35621,2.39544,0.958,-2772.7,-2774.5,0.0,A,0.09379,False,BJ2018
2MASS J17074191+1426445,4545031669344083200,9.0887,9.1886,8.8897,9.294,9.11685,9.27046,1.011,708.3,718.4,0.0,A,0.01211,False,BJ2018
TYC 987-758-1,4545333725803409024,6.2776,6.3118,6.2026,6.3545,6.28124,6.34263,1.005,832.4,833.3,0.0,A,0.00549,False,BJ2018
StKM 1-1456,4546557031272743680,1.3603,1.3172,1.3312,1.3895,1.31031,1.3233,0.968,1213.3,1237.6,0.0,A,0.01849,False,BJ2018
GJ 3997 A,4548562265603840768,5.7216,5.8418,5.6348,5.8118,5.81102,5.87265,1.021,520.1,527.1,0.0,B,0.00166,False,BJ2018
Gaia DR3 4549103298342272768,4549103298342272768,10.2054,10.5915,9.0889,11.5332,10.09515,11.09473,1.038,2796.1,2911.3,0.0,A,0.11279,False,BJ2018
Gaia DR2 4550360418089700608,4550360418089700608,7.1642,7.4732,5.8193,9.3655,7.30022,7.67422,1.043,926.4,961.5,0.0,A,0.01764,False,BJ2018
GJ 686,4550763526539955712,8.0097,8.0158,7.9982,8.0208,8.01217,8.02027,1.001,28.4,28.0,0.0,A,0.0,False,BJ2018
2MASS J17480799+1815056,4551219720787449088,6.9593,7.3651,6.7445,7.1955,7.2987,7.44165,1.058,3431.6,3398.3,0.0,A,0.43996,False,BJ2018
2MASS J17485213+1904363,4551422649402963968,9.7464,9.72,9.5535,9.9468,9.61867,9.80679,0.997,1270.9,1254.5,0.0,A,0.02544,False,BJ2018
TYC 1545-2075-1,4554884904139915392,6.5025,5.5439,6.0883,6.9103,5.41468,5.69082,0.853,3861.8,3888.6,0.0,B,0.43118,False,BJ2018
HD 157442,4555237645515991808,7.3243,7.3541,7.0827,7.5809,7.29406,7.41273,1.004,4389.6,4321.9,0.0,A,0.08327,False,BJ2018
2MASS J17253550+2121534,4555331550679917568,7.1937,5.7743,6.3135,8.242,5.59291,5.92732,0.803,4251.0,4146.8,0.0,A,0.78479,False,BJ2018
TYC 1550-229-1,4555758229913985024,6.5061,6.3813,6.2904,6.7268,6.24597,6.51276,0.981,3570.8,3456.8,0.0,B,0.25161,False,BJ2018
SAO 102379,4559301028170819200,6.8778,6.8534,6.7715,6.9906,6.80942,6.89744,0.996,1941.8,1945.4,0.0,A,0.00851,False,BJ2018
HIP 82568,4559467329305126912,8.9828,9.0259,8.9191,9.0483,8.99437,9.05081,1.005,1047.4,1049.0,0.0,A,0.01091,False,BJ2018
TYC 1539-487-1,4560116728364805376,4.0934,4.0543,4.0502,4.1367,4.04381,4.06547,0.99,540.3,540.0,0.0,A,0.00126,False,BJ2018
2MASS J17061135+1808417,4560116728363865984,4.8134,4.7413,4.7717,4.8579,4.7244,4.76177,0.985,540.9,538.1,0.0,B,0.00163,False,BJ2018
TYC 1543-1430-1,4560686069227422976,4.7445,4.8458,4.6705,4.8229,4.81486,4.87362,1.021,754.2,752.2,0.0,A,0.018,False,BJ2018
2MASS J16540344+1940194,4561405527786206848,6.8896,6.846,5.9804,8.1744,6.64887,7.0828,0.994,2132.0,2115.3,0.0,A,0.04509,False,BJ2018
TYC 1532-211-1,4564314045278795776,4.7117,4.9027,4.2648,5.1758,4.75209,5.05212,1.041,3105.1,3266.7,0.0,B,0.61827,False,BJ2018
2MASS J17133249+2514103,4573484350212176256,9.528,9.8811,9.2602,9.8229,9.69406,10.06182,1.037,992.6,1027.9,0.0,A,0.02348,False,BJ2018
UPM J1802+2107,4575928186608296064,2.2019,2.2026,2.1707,2.2338,2.19241,2.21242,1.0,478.8,479.2,0.0,B,0.00063,False,BJ2018
2MASS J17515359+2131451,4577067315016960768,9.9362,9.4177,9.5898,10.298,9.30917,9.52961,0.948,945.3,933.8,0.0,B,0.01876,False,BJ2018
HR 6687,4577242377880998144,4.9629,4.8222,4.6281,5.2858,4.73677,4.92507,0.972,3083.2,3053.9,0.0,A,0.08947,False,BJ2018
2MASS J17391542+2501105,4581697908231236992,5.7267,5.839,5.6163,5.8431,5.79312,5.88201,1.02,1233.0,1227.5,0.0,B,0.02085,False,BJ2018
HIP 89959,4585184356525921792,2.7376,2.6966,2.6722,2.7987,2.68201,2.71361,0.985,2144.5,2161.9,0.0,A,0.05188,False,BJ2018
TYC 2114-724-1,4585331656720286336,7.6314,7.5988,7.4846,7.8,7.56447,7.6352,0.996,1049.6,1051.0,0.0,A,0.01192,False,BJ2018
HD 336085,4585635843488246656,9.06,8.9302,8.3931,9.736,8.81602,9.05688,0.986,4256.4,4252.6,0.0,A,0.82536,False,BJ2018
2MASS J18183301+2936151,4589893977142742912,2.487,2.6672,2.3951,2.5798,2.63257,2.70512,1.072,2859.9,2841.3,0.0,A,0.29181,False,BJ2018
TYC 2103-1990-1,4590372986254909312,7.6239,8.6275,7.4572,7.7849,8.51523,8.73571,1.132,2795.5,2708.4,0.0,B,0.18587,False,BJ2018
TYC 2622-1941-1,4590927655512129280,7.6087,7.4437,7.1098,8.0903,7.28897,7.63421,0.978,4455.3,4394.6,0.0,A,0.15937,False,BJ2018
LP 334-11,4591351448523805312,6.0847,6.1068,6.0275,6.1459,6.09271,6.12029,1.004,274.4,275.3,0.0,A,9e-05,False,BJ2018
2MASS J18280775+3136019,4591989474507062400,6.8392,6.7325,6.0074,7.9705,6.57651,6.92738,0.984,3438.6,3432.8,0.0,A,0.15037,False,BJ2018
2MASS J18231225+3504331,4593592008404117120,8.971,8.8243,8.8042,9.1372,8.62086,9.01985,0.984,972.6,956.5,0.0,A,0.00809,False,BJ2018
TYC 2080-1332-1,4593677465371834880,4.9133,4.639,4.2065,5.6301,4.44463,4.88834,0.944,4099.1,4158.5,0.0,B,0.90617,False,BJ2018
TYC 2084-987-1,4594562464855882240,7.2793,6.7123,6.8989,7.6569,6.63197,6.83206,0.922,4171.6,4204.0,0.0,A,0.66008,False,BJ2018
2MASS J17193487+3039412,4599807307117758720,7.7917,7.7522,7.6115,7.9755,7.69215,7.83309,0.995,1784.3,1762.4,0.0,A,0.06662,False,BJ2018
TYC 2610-64-1,4600986400197214848,6.745,7.1513,6.522,6.9542,7.07312,7.21318,1.06,3549.3,3584.4,0.0,A,0.57854,False,BJ2018
2MASS J18013602+3119551,4602897591925824896,6.798,6.004,6.3041,7.2675,5.84014,6.18651,0.883,1572.5,1589.8,0.0,B,0.02668,False,BJ2018
TYC 2612-2381-1,4603225035935503744,2.1532,1.9377,1.895,2.4111,1.88244,2.00404,0.9,3315.9,3346.2,0.0,A,0.1067,False,BJ2018
Gaia DR2 4604575481028864896,4604575481028864896,6.8779,7.6597,6.4111,7.3699,7.32342,8.00381,1.114,4120.1,4522.7,0.023,B,0.4901,False,BJ2018
V1294 Her,4607258972297127424,4.4334,5.3071,4.1349,4.7677,4.45527,6.58905,1.197,1591.0,1965.7,0.004,B,0.09525,False,BJ2018
GJ 706,4610177733290768896,9.2919,9.2773,9.2507,9.3313,9.26072,9.29471,0.998,167.0,167.4,0.0,A,6e-05,False,BJ2018
2MASS J05521703-8900359,4611836174781516288,9.7687,9.6682,9.5529,9.9943,9.61248,9.71367,0.99,-1459.7,-1438.4,0.0,A,0.02918,False,BJ2018
2MASS J00445153-7640052,4636275874428761856,5.7863,5.9041,5.5418,6.0376,5.79898,6.01995,1.02,-1930.3,-1967.8,0.0,A,0.01654,False,BJ2018
HD 270712A,4654969496256092032,9.5546,9.5544,9.3762,9.7449,9.44833,9.67623,1.0,-608.0,-608.9,0.0,B,0.00054,False,BJ2018
2MASS J05401495-6936516,4657639767650392192,7.4948,6.411,7.2836,7.701,6.2345,6.56781,0.855,-3587.8,-3386.8,0.0,A,0.26029,False,BJ2018
SAO 256070,4666330101356676992,5.1703,4.0241,4.7534,5.5635,3.74257,4.25195,0.778,-2468.0,-2467.5,0.0,B,0.03595,False,BJ2018
GJ 143,4673947174316727040,8.0042,8.0316,7.9806,8.0265,8.01999,8.04573,1.003,-203.8,-204.1,0.0,A,0.00041,False,BJ2018
TYC 8872-946-1,4675272326347617920,7.5022,7.6191,7.3073,7.7002,7.57678,7.67058,1.016,-2482.9,-2490.4,0.0,A,0.16712,False,BJ2018
2MASS J04070142-6313441,4676211996471459840,4.5784,4.532,4.5196,4.6367,4.49909,4.56304,0.99,-505.2,-498.7,0.0,B,0.00274,False,BJ2018
ε Ret,4678664766393829504,8.4267,8.5925,8.2233,8.6368,8.55006,8.62798,1.02,-484.1,-487.5,0.0,B,0.00079,False,BJ2018
TYC 8861-1464-1,4700436848970854400,8.1147,8.8924,7.8667,8.3597,8.78537,8.97537,1.096,-3161.1,-3191.1,0.0,A,0.28731,False,BJ2018
2MASS J02265836-6201324,4701369750227225472,9.0091,8.9133,8.7861,9.2357,8.72659,9.09832,0.989,-1573.4,-1536.0,0.0,A,0.05931,False,BJ2018
HIP 57,4703237305087371392,8.3075,8.3728,8.2578,8.3562,8.34314,8.40279,1.008,-716.0,-717.4,0.0,A,0.00723,False,BJ2018
GJ 1294 B,4706564427272810752,9.8562,9.9793,9.7635,9.9478,9.93911,10.01417,1.012,313.5,315.4,0.0,A,0.00012,False,BJ2018
HIP 7599,4716158250340258944,3.3676,3.3391,3.3383,3.3973,3.32835,3.35162,0.992,-1062.8,-1065.6,0.0,A,0.00831,False,BJ2018
2MASS J03514543-5614218,4731186684506869248,8.7962,8.7603,8.5712,9.0351,8.63734,8.87196,0.996,-1020.7,-1008.5,0.0,A,0.03646,False,BJ2018
2MASS J03382642-5213280,4733139382797927552,12.8354,11.7788,10.909,15.4732,11.40596,12.0813,0.918,-3776.8,-3828.6,0.0,A,0.7693,False,BJ2018
HD 13808,4743692151804240896,9.7208,9.6894,9.654,9.7897,9.66095,9.7164,0.997,-594.2,-593.7,0.0,A,0.00047,False,BJ2018
TYC 8883-936-1,4757498547522422272,4.8506,4.3604,4.6042,5.1335,4.29699,4.42061,0.899,-4298.6,-4252.5,0.0,A,0.12331,False,BJ2018
GJ 2046,4758877919212831104,1.9927,2.0062,1.976,2.0099,1.99866,2.01295,1.007,-394.4,-397.2,0.0,A,0.00031,False,BJ2018
2MASS J05424819-5547154,4766689811888917888,6.4197,6.3828,5.9023,6.9902,6.18938,6.5696,0.994,1958.6,1935.8,0.0,B,0.02075,False,BJ2018
2MASS J04371282-5311321,4778060445747312384,5.6591,5.7252,5.4849,5.845,5.62592,5.82535,1.012,-961.0,-967.1,0.0,A,0.00259,False,BJ2018
eta01 Pic,4785713458992582272,7.3389,7.6766,7.1921,7.4913,7.62559,7.71223,1.046,-1069.5,-1109.0,0.0,A,0.00541,False,BJ2018
HIP 26369,4795596831576255488,2.6656,3.2945,2.5221,2.8193,3.06135,3.61231,1.236,-769.2,-968.2,0.0,B,0.00826,False,BJ2018
UY Pic,4795598309045006208,2.0229,2.0411,2.0062,2.0404,2.0324,2.04907,1.009,-738.2,-740.4,0.0,A,0.00444,False,BJ2018
2MASS J05223796-4801261,4797276503090806144,5.574,5.5493,5.4858,5.6573,5.51173,5.58593,0.996,-935.1,-935.3,0.0,A,0.00784,False,BJ2018
HD 35874,4797433668830237824,2.9181,2.9995,2.7946,3.0424,2.96933,3.02696,1.028,-2344.4,-2349.8,0.0,A,0.03725,False,BJ2018
2MASS J05155750-4529073,4800011091587678592,7.1469,6.1476,5.792,9.2497,5.72829,6.75152,0.86,-4235.1,-4738.4,0.141,B,0.36809,False,BJ2018
HD 40991,4801024673806181376,6.8577,6.7682,6.5704,7.1418,6.7034,6.84076,0.987,-4262.4,-4474.3,0.0,A,0.1115,False,BJ2018
TYC 8088-511-1,4801105586693968512,8.097,9.3707,7.8535,8.3435,6.46561,46.82866,1.157,-3480.3,-3943.7,0.352,B,0.03329,False,BJ2018
2MASS J05531299-4505119,4801730010515510784,3.9184,4.0209,3.7886,4.057,3.98299,4.06482,1.026,-959.1,-982.0,0.0,A,0.00949,False,BJ2018
HD 39655,4801888993024808832,8.0992,8.4996,7.7568,8.4625,8.37456,8.62356,1.049,-3841.9,-3982.4,0.0,A,0.06901,False,BJ2018
TYC 7609-1453-1,4802386517740556160,9.7777,8.688,9.4365,10.1181,8.61283,8.77473,0.889,-3865.9,-3858.7,0.0,A,0.54757,False,BJ2018
TYC 7605-1518-1,4804797819756106112,6.5216,7.0427,6.1338,6.9414,6.84069,7.31059,1.08,-1807.8,-1814.9,0.0,B,0.03142,False,BJ2018
2MASS J05252377-4000367,4807375895348209792,7.2036,6.9631,6.9034,7.5206,6.81145,7.12102,0.967,-697.0,-678.3,0.0,B,0.00065,False,BJ2018
TYC 7597-259-1,4808663462121224960,6.2211,6.1549,6.1641,6.2768,6.13456,6.17783,0.989,-1112.5,-1110.3,0.0,A,0.00706,False,BJ2018
TYC 7596-30-1,4809343097746535808,7.7245,7.2969,7.1139,8.3811,7.21226,7.37917,0.945,-4074.2,-4115.1,0.0,A,0.52418,False,BJ2018
TYC 7068-802-1,4809775721211763200,7.212,7.2878,6.1559,8.6705,7.07132,7.54243,1.011,-3395.0,-3110.5,0.0,B,0.27604,False,BJ2018
Kapteyn's Star,4810594479418041856,2.1611,2.162,2.1591,2.1629,2.16123,2.16286,1.0,-11.0,-11.0,0.0,A,0.0,False,BJ2018
HD 272411,4814463007998461312,6.9123,2.0042,6.475,7.3441,1.85223,2.1502,0.29,-2245.7,-2257.9,0.0,B,0.20558,False,BJ2018
TYC 7589-824-1,4816724011927324032,3.2939,4.8164,2.7493,3.868,4.70817,4.92048,1.462,-3385.2,-3421.8,0.0,B,0.41074,False,BJ2018
HD 35650,4819591920506512768,3.1712,3.1674,3.1336,3.2109,3.15203,3.17789,0.999,-514.8,-513.2,0.0,A,0.00084,False,BJ2018
Gaia DR2 4824363281277784960,4824363281277784960,9.4287,9.4018,9.322,9.5312,9.36375,9.44157,0.997,-746.1,-746.7,0.0,A,0.00887,False,BJ2018
2MASS J05012467-3344559,4825448052578809728,4.4461,3.8904,4.2272,4.6582,3.83567,3.93712,0.875,-2655.0,-2677.2,0.0,A,0.16646,False,BJ2018
2MASS J03372532-4926595,4832758396153250176,7.7905,7.2427,7.563,8.0331,7.17205,7.30523,0.93,-1928.8,-1907.8,0.0,A,0.20944,False,BJ2018
TYC 8060-1146-1,4834334962685199744,9.2118,9.2986,8.9957,9.4353,9.26627,9.32664,1.009,-1456.8,-1458.6,0.0,A,0.06564,False,BJ2018
2MASS J04180223-4643436,4837036943790726272,6.333,6.1881,6.2452,6.4216,6.13529,6.22521,0.977,-1550.3,-1534.7,0.0,A,0.03609,False,BJ2018
TYC 7583-613-1,4838365669233660288,4.9448,5.6326,4.6309,5.2776,5.56508,5.69969,1.139,-2410.5,-2423.5,0.0,A,0.22672,False,BJ2018
2MASS J04233306-4437503,4839132097557586560,1.7208,1.6662,1.6898,1.7533,1.64509,1.68853,0.968,-826.5,-812.0,0.0,A,0.00797,False,BJ2018
GJ 1066,4843073709303881728,5.9344,5.9321,5.8795,5.9898,5.90347,5.95848,1.0,-589.7,-590.7,0.0,A,0.00187,False,BJ2018
TYC 8059-1051-1,4847169664995582592,8.8875,8.8526,8.026,9.9538,8.33414,9.44811,0.996,-2096.3,-2077.2,0.0,B,0.06491,False,BJ2018
LTT 1628,4847829165813317504,8.2875,8.5037,8.0405,8.5505,8.41003,8.59831,1.026,-206.1,-210.7,0.0,B,0.00054,False,BJ2018
e Eri,4847957293278177024,4.2694,4.3105,4.2477,4.2925,4.30676,4.31497,1.01,-33.0,-33.0,0.0,B,0.0,False,BJ2018
GJ 3222,4852870701505115904,7.8853,7.9285,7.7726,8.0036,7.86741,7.99723,1.005,-1134.8,-1135.8,0.0,A,0.01143,False,BJ2018
Gaia DR3 4855440844294271488,4855440844294271488,9.9287,9.9936,9.8755,9.9795,9.94447,10.04338,1.007,-647.4,-640.5,0.0,B,0.00109,False,BJ2018
TYC 7034-637-1,4860211178570560256,7.9343,9.1614,5.8674,12.6871,7.87995,10.94726,1.155,-833.4,-946.5,0.0,B,0.00891,False,BJ2018
TYC 7031-1170-1,4861260387542051584,2.48,2.5869,2.4346,2.5252,2.57614,2.59908,1.043,-1397.4,-1395.7,0.0,A,0.01515,False,BJ2018
2MASS J04361941-3913181,4864564999802065024,6.9775,5.7994,6.4814,7.4822,5.66632,5.92459,0.831,-4545.1,-4622.8,0.0,A,0.81563,False,BJ2018
GJ 3317,4866978844438656768,7.2114,7.2376,7.1436,7.278,7.2005,7.26698,1.004,-656.5,-658.1,0.0,A,0.00017,False,BJ2018
Gaia DR3 4876480789566764672,4876480789566764672,10.3476,10.3968,9.4575,11.3653,10.13866,10.68905,1.005,-3398.2,-3478.2,0.0,A,0.27127,False,BJ2018
TYC 6471-517-1,4878356762561949056,7.9066,7.921,7.8486,7.9639,7.90817,7.9357,1.002,-371.0,-371.1,0.0,A,0.00195,False,BJ2018
TYC 6472-546-1,4879729258014013568,7.1762,7.93,6.8827,7.4885,7.84352,8.0244,1.105,-3769.6,-3857.8,0.0,A,0.43563,False,BJ2018
PM J04473-2750,4880837088995421952,6.0329,6.0492,5.9678,6.1002,6.02567,6.0694,1.003,-460.3,-462.0,0.0,A,0.001,False,BJ2018
2MASS J04113985-3325396,4882562978653072768,8.1694,8.1253,7.9642,8.415,8.02829,8.2386,0.995,-1065.2,-1063.6,0.0,A,0.00145,False,BJ2018
TYC 7030-699-1,4882979349963046784,10.3164,9.8242,9.9699,10.658,9.70433,9.92367,0.952,-4274.9,-4327.7,0.0,A,0.21305,False,BJ2018
2MASS J04341538-2509459,4894385511791293312,8.0065,8.2677,7.7502,8.2825,8.18092,8.35562,1.033,-3095.6,-3172.1,0.0,A,0.19897,False,BJ2018
2MASS J04341623-2509417,4894385511791292928,8.8425,9.1776,8.6019,9.1011,9.09325,9.25332,1.038,-3106.4,-3112.5,0.0,A,0.16453,False,BJ2018
p Eri B,4911306239828325760,4.1953,4.1976,4.1557,4.2375,4.18109,4.21594,1.001,-293.1,-293.3,0.0,A,0.00027,False,BJ2018
p Eri A,4911306239828325632,3.506,3.4824,3.4687,3.541,3.46562,3.49755,0.993,-303.1,-301.8,0.0,A,0.00024,False,BJ2018
q01 Eri,4912580642524184960,8.7021,8.7611,8.6358,8.7662,8.72931,8.79022,1.007,-455.7,-457.2,0.0,A,0.00204,False,BJ2018
2MASS J01221426-5223112,4915385909003308032,4.4982,4.4493,4.384,4.6192,4.39209,4.49629,0.989,1260.8,1251.4,0.0,A,0.02154,False,BJ2018
GJ 86,4937000898856156288,9.6996,9.672,9.6856,9.7135,9.66544,9.67933,0.997,-36.5,-36.6,0.0,B,1e-05,False,BJ2018
CC Eri,4946938113149426944,6.4009,6.2741,4.6804,9.2352,5.34037,7.25306,0.98,-316.2,-314.8,0.0,B,0.0006,False,BJ2018
PM J01387-4514S,4955395178633330432,8.7381,8.7797,8.6071,8.8672,8.7326,8.82171,1.005,-533.1,-534.0,0.0,A,0.00156,False,BJ2018
PM J01387-4514N,4955395178633330304,8.6817,8.6336,8.5408,8.8306,8.58525,8.68887,0.994,-550.3,-547.9,0.0,A,0.00159,False,BJ2018
TYC 7550-274-1,4964643720690208768,8.5874,8.5243,8.4269,8.7568,8.43702,8.62474,0.993,-1420.7,-1409.4,0.0,A,0.01061,False,BJ2018
HIP 10741,4966440425769729536,5.1438,5.1171,5.0874,5.1985,5.09003,5.14003,0.995,-1572.7,-1560.9,0.0,A,0.02263,False,BJ2018
HIP 98,4972346933514848896,5.7853,5.4527,5.6059,5.9788,5.408,5.49031,0.943,-3039.8,-3045.6,0.0,A,0.13165,False,BJ2018
TYC 8034-573-1,4975010844030439680,7.0273,6.4704,6.6877,7.3816,6.38914,6.54048,0.921,-2716.5,-2564.3,0.0,A,0.00941,False,BJ2018
Gaia DR3 4984588861619377408,4984588861619377408,9.6546,9.9041,9.4979,9.8238,9.84837,9.96673,1.026,-2826.3,-2866.2,0.0,A,0.10461,False,BJ2018
GJ 32 B,4986970575602213632,9.9814,9.4225,9.9286,10.0328,5.96284,14.71273,0.944,337.5,263.1,0.0,A,0.00076,False,BJ2018
TYC 7527-306-1,4996430803710813184,4.3287,4.3339,4.2343,4.4204,4.29123,4.37375,1.001,1935.1,1977.0,0.0,A,0.00203,False,BJ2018
2MASS J00492951-3922188,4999655984848620416,8.2784,8.7587,7.5682,9.1226,8.51918,8.9786,1.058,-3492.0,-3555.4,0.0,A,0.1973,False,BJ2018
GJ 1036,5013816835621197440,6.1061,6.0996,6.0611,6.1495,6.08239,6.11794,0.999,-346.8,-345.9,0.0,A,0.00076,False,BJ2018
TYC 7019-630-1,5058819502950551552,2.7555,2.9833,2.5262,2.9812,2.94127,3.0201,1.083,-3927.2,-4043.4,0.0,A,0.64867,False,BJ2018
2MASS J02340565-3343216,5062459092596024960,9.4438,9.864,9.0709,9.8512,9.37536,10.3062,1.044,-3449.5,-3472.2,0.0,A,0.03852,False,BJ2018
2MASS J02393269-2945586,5065828782200335616,8.6697,8.7095,7.7939,9.665,8.37248,9.06335,1.005,-2136.9,-2162.3,0.0,B,0.07669,False,BJ2018
HD 17847,5066148263343873920,6.7462,7.5064,6.5264,6.9903,7.44521,7.57667,1.113,-4481.6,-4604.3,0.0,A,0.40449,False,BJ2018
HD 18906,5073203176624642304,8.8392,9.388,8.5749,9.1084,9.29577,9.46712,1.062,-3540.5,-3622.3,0.0,A,0.0815,False,BJ2018
2MASS J03512006-2508189,5083499553263391232,3.6611,4.4437,3.4669,3.8607,4.38376,4.49563,1.214,-3856.7,-3946.3,0.0,A,0.50314,False,BJ2018
TYC 5885-235-1,5095916608657058176,8.7545,8.7839,8.5672,8.9389,8.73291,8.84178,1.003,-2157.5,-2147.7,0.0,A,0.13764,False,BJ2018
2MASS J03363103-1857180,5101309850629984768,6.2035,6.1974,5.978,6.4484,6.12276,6.28262,0.999,-670.2,-666.2,0.0,B,0.00363,False,BJ2018
LTT 1759,5107106033552702208,9.4227,9.3923,9.3805,9.4708,9.3688,9.41715,0.997,-295.4,-295.5,0.0,A,0.00087,False,BJ2018
2MASS J03471776-1535112,5109022619758942592,6.2819,6.3303,5.9998,6.5834,6.21061,6.44456,1.008,-1972.2,-2000.2,0.0,A,0.08943,False,BJ2018
TYC 5311-1027-1,5110394397953149824,8.5831,8.4748,8.4573,8.7115,8.43125,8.51682,0.987,-1276.7,-1265.0,0.0,A,0.02464,False,BJ2018
2MASS J02180382-2751360,5116934396192680320,3.9012,3.8868,3.6721,4.1597,3.73653,4.04787,0.996,-2233.0,-2225.6,0.0,A,0.07884,False,BJ2018
TYC 6434-1691-1,5118950694359648640,1.883,3.7767,1.6198,2.1396,3.6301,3.91566,2.006,-3645.9,-3524.4,0.0,B,0.15017,False,BJ2018
GJ 1048,5125414998097353600,9.7316,9.7965,9.602,9.8637,9.74226,9.85798,1.007,-996.7,-1002.7,0.0,A,0.01214,False,BJ2018
TYC 5866-519-1,5129126330877050240,3.927,4.4206,3.4347,4.5346,4.34608,4.58656,1.126,-4709.1,-4905.6,0.258,A,0.53697,False,BJ2018
2MASS J02292845-2012168,5129876953722430208,5.1625,5.0986,4.8726,5.4864,5.0164,5.16611,0.988,-4482.5,-4276.1,0.0,A,0.45056,False,BJ2018
StKM 1-288,5130339951196200064,4.6054,4.5627,4.0792,5.2613,4.50715,4.60773,0.991,1255.9,1240.1,0.0,B,0.00638,False,BJ2018
TYC 5867-6-1,5152226275607685376,6.3082,6.24,6.2021,6.4171,6.19809,6.28179,0.989,-663.5,-662.4,0.0,A,0.00637,False,BJ2018
GJ 3189,5159273530961537280,3.6122,3.5586,3.5564,3.6656,3.54464,3.57298,0.985,-101.2,-100.3,0.0,A,5e-05,False,BJ2018
EP Eri,5160075762132996992,7.9731,7.9981,7.9316,8.0122,7.97191,8.02265,1.003,-230.3,-230.0,0.0,A,0.00036,False,BJ2018
2MASS J03315195-1023327,5163874295633689472,6.1265,6.0129,6.0361,6.2219,5.9699,6.05958,0.981,-910.0,-902.3,0.0,B,0.01305,False,BJ2018
PM J02509-0953,5173249869938884864,7.8254,7.7673,7.7105,7.947,7.71357,7.82152,0.993,-502.9,-502.4,0.0,B,0.0012,False,BJ2018
HIP 13345,5174322615330339456,7.4655,7.5589,7.3004,7.6299,7.46776,7.64625,1.013,-1537.0,-1554.5,0.0,A,0.02191,False,BJ2018
TYC 9404-1170-1,5201869779655341440,4.8723,4.9486,4.7083,5.0459,4.86592,5.0214,1.016,-3175.4,-3175.4,0.0,A,0.04417,False,BJ2018
HD 89615,5202493511985829120,9.9256,9.9032,9.8486,10.0015,9.88038,9.9239,0.998,-452.7,-454.2,0.0,A,0.00101,False,BJ2018
HD 46100,5207414926031321856,6.3708,6.3657,6.23,6.5288,6.30716,6.43543,0.999,-2674.8,-2727.1,0.0,A,0.02274,False,BJ2018
TYC 9391-1055-1,5207784155778960896,8.0577,8.2064,7.8698,8.2606,8.14248,8.26831,1.018,-2438.9,-2420.3,0.0,A,0.05761,False,BJ2018
HD 63454,5209903017765189760,8.729,8.6572,8.6137,8.8502,8.6205,8.69522,0.992,-1041.7,-1036.8,0.0,A,0.00478,False,BJ2018
TYC 9387-2515-1,5210773143779557376,1.4484,1.1516,1.3894,1.5097,1.13851,1.16637,0.795,-1503.9,-1508.4,0.0,A,0.05394,False,BJ2018
2MASS J09222228-7246526,5218707215391710592,3.3217,3.3512,3.2904,3.3519,3.33368,3.36859,1.009,-527.3,-524.9,0.0,A,0.00287,False,BJ2018
HD 95915,5226266843169061760,5.2613,5.6475,5.0503,5.4787,5.54839,5.74252,1.073,-3663.5,-3634.0,0.0,B,0.03243,False,BJ2018
2MASS J11114232-6951430,5228651615176541440,9.1831,9.1543,9.0312,9.3308,9.01468,9.29798,0.997,-1714.9,-1703.3,0.0,A,0.03569,False,BJ2018
HD 84074,5249270580625752320,9.4617,9.2952,9.3229,9.5993,9.23288,9.36127,0.982,-2570.1,-2515.5,0.0,A,0.01042,False,BJ2018
TYC 8941-280-1,5251196413917549056,5.8028,5.7267,5.4585,6.1345,5.66735,5.78741,0.987,-1822.1,-1857.7,0.0,A,0.07581,False,BJ2018
2MASS J10093444-6345362,5252453220110989184,9.6658,8.2276,8.8755,10.5322,7.99697,8.45785,0.851,-4808.4,-4901.6,0.164,A,0.55754,False,BJ2018
HD 90397,5255590715217271680,4.0719,4.0765,4.0198,4.1211,4.06061,4.09252,1.001,-1226.4,-1231.9,0.0,A,0.00222,False,BJ2018
2MASS J10052920-5715468,5259643961739407872,7.3627,7.5587,7.1007,7.6507,7.4819,7.64008,1.027,-2043.1,-2063.5,0.0,A,0.01514,False,BJ2018
2MASS J06342938-7449471,5261593808165974784,0.6361,0.6236,0.608,0.6639,0.61771,0.62963,0.98,-897.2,-896.3,0.0,A,0.00225,False,BJ2018
ζ Vol B,5263150888430032384,7.4869,7.1575,7.3958,7.5791,7.07633,7.23704,0.956,-886.6,-898.6,0.0,B,0.00929,False,BJ2018
α Men,5264749303462961280,3.168,3.1874,3.1505,3.1857,3.17663,3.19888,1.006,-249.6,-249.9,0.0,A,0.00014,False,BJ2018
Gaia DR3 5270550769188217600,5270550769188217600,2.1819,7.9476,1.5427,2.7897,7.62061,8.26437,3.643,-4363.6,-4586.9,0.0,B,0.9168,False,BJ2018
2MASS J08214665-6651257,5272882077435260672,5.864,6.0325,5.6392,6.1168,5.92299,6.13651,1.029,-2379.6,-2412.6,0.0,A,0.04923,False,BJ2018
GJ 3476,5274724279107404544,6.021,6.0279,5.9872,6.0537,6.01501,6.04383,1.001,-328.3,-328.7,0.0,A,0.00016,False,BJ2018
TYC 8933-2375-1,5276549090453538816,3.913,3.9645,3.5676,4.2581,3.9013,4.03223,1.013,-3995.8,-3932.2,0.0,A,0.04454,False,BJ2018
2MASS J06310680-6554060,5283703784415515136,5.6366,5.9815,5.4357,5.8167,5.92586,6.04195,1.061,-2352.5,-2369.0,0.0,A,0.17265,False,BJ2018
2MASS J06582152-6159318,5287034961044739712,9.9865,9.3522,9.5659,10.4216,9.11381,9.59249,0.936,-2860.1,-2970.3,0.0,B,0.31481,False,BJ2018
2MASS J07503627-6331539,5288019088374333056,2.9296,3.1842,2.8091,3.0557,3.1504,3.22436,1.087,-2347.5,-2367.8,0.0,A,0.12629,False,BJ2018
TYC 8910-749-1,5292338661539513600,2.2765,2.2223,2.1876,2.3652,2.2089,2.23681,0.976,-2084.2,-2099.1,0.0,A,0.03627,False,BJ2018
2MASS J07324082-5928405,5293529153457362304,8.3828,7.4672,7.9691,8.8445,7.35618,7.61544,0.891,-3619.4,-3597.7,0.0,A,0.17202,False,BJ2018
TYC 8565-809-1,5294086988108379136,2.1574,1.7559,1.9538,2.3599,1.71606,1.80056,0.814,-2558.0,-2563.3,0.0,A,0.06983,False,BJ2018
TYC 8560-8-1,5295456945236544896,2.1999,2.2109,2.1624,2.2401,2.20037,2.22081,1.005,-632.3,-641.6,0.0,A,0.00291,False,BJ2018
2MASS J09155898-6347587,5296951726996217984,8.7023,9.4829,8.3528,9.0787,9.3037,9.6659,1.09,-4517.6,-4554.2,0.0,B,0.06761,False,BJ2018
TYC 8594-2138-1,5303041445176053248,4.8297,4.9565,4.6704,4.9949,4.91033,5.01515,1.026,-2535.4,-2546.7,0.0,A,0.02315,False,BJ2018
2MASS J08505143-5821256,5304146557437627392,8.0272,8.8232,7.3523,8.6696,8.6997,8.94602,1.099,-4676.9,-4640.3,0.0,A,0.31824,False,BJ2018
TYC 8590-1704-1,5304266610365921024,6.9146,7.9796,6.4487,7.3767,7.87898,8.07313,1.154,-4366.0,-4312.5,0.0,A,0.4076,False,BJ2018
HD 78746,5325892492246989056,6.3238,6.2315,6.2861,6.3631,6.21624,6.24649,0.985,-326.7,-324.1,0.0,B,7e-05,False,BJ2018
TYC 8152-450-1,5330401074038202368,4.7236,4.784,4.4908,4.9583,4.7284,4.84143,1.013,-3887.6,-3933.4,0.0,A,0.01672,False,BJ2018
Gaia DR2 5333389168698595200,5333389168698595200,8.0621,7.9655,7.6212,8.5054,7.87396,8.0417,0.988,-3086.1,-3080.8,0.0,A,0.07036,False,BJ2018
Gaia DR3 5345688786796162688,5345688786796162688,9.6448,10.1373,9.3634,9.9623,9.98259,10.31744,1.051,-1309.9,-1370.3,0.0,A,0.00589,False,BJ2018
TYC 8600-2888-1,5355732756817707008,8.2502,8.5576,8.053,8.4636,8.48456,8.61664,1.037,-1752.9,-1795.8,0.0,A,0.00669,False,BJ2018
HD 89839,5355799586503538176,7.8172,7.8602,7.7208,7.9135,7.82296,7.89766,1.006,-1718.9,-1716.0,0.0,A,0.00155,False,BJ2018
2MASS J10511357-5232358,5359674913994327296,8.6958,8.606,8.427,8.985,8.47624,8.71511,0.99,1645.3,1617.6,0.0,A,0.0166,False,BJ2018
2MASS J10230320-4837342,5365017273498316928,8.8274,8.9835,8.4269,9.2395,8.84123,9.09344,1.018,-2150.0,-2145.0,0.0,A,0.02783,False,BJ2018
LFT 848,5381537023379295232,9.0265,9.057,9.0002,9.0502,9.0485,9.06732,1.003,-29.9,-29.8,0.0,A,0.0,False,BJ2018
PM J11299-4242,5382278747053449600,9.4793,9.6302,9.1868,9.7698,9.55209,9.70745,1.016,-1145.9,-1171.4,0.0,A,0.00461,False,BJ2018
2MASS J11355689-4112251,5384128877227308416,8.4792,8.3363,7.6979,9.4741,8.10584,8.50964,0.983,-2478.9,-2473.9,0.0,A,0.09522,False,BJ2018
2MASS J11043971-4639290,5386444487376570368,9.442,9.4431,9.2402,9.6441,9.34692,9.54467,1.0,-659.1,-646.2,0.0,B,0.00049,False,BJ2018
2MASS J10582681-3528498,5401367986897235584,7.6296,6.6966,6.799,8.6703,6.30763,7.55436,0.878,4847.8,4830.1,0.254,B,0.2362,False,BJ2018
GJ 367,5412250540681250560,5.4353,5.4032,5.3832,5.4823,5.39467,5.41471,0.994,-130.7,-130.3,0.0,A,3e-05,False,BJ2018
TYC 7720-800-1,5414430322479092864,5.5229,6.1863,5.2188,5.8333,6.05548,6.33229,1.12,-2123.0,-2110.7,0.0,B,0.0311,False,BJ2018
2MASS J09500716-4140543,5419289304879175424,7.1292,7.0019,6.9491,7.3246,6.89181,7.09735,0.982,-2120.0,-2110.6,0.0,A,0.01333,False,BJ2018
2MASS J09394659-4307350,5425167122242135680,6.4499,6.3574,5.9815,6.9844,6.12669,6.55465,0.986,-3829.9,-3806.6,0.0,A,0.20788,False,BJ2018
GJ 358,5425628298649940608,8.1783,8.157,8.1347,8.2214,8.13813,8.17313,0.997,-144.5,-145.3,0.0,A,1e-05,False,BJ2018
PM J09486-3831,5432246843253098496,8.8451,8.7712,8.7396,8.9501,8.75099,8.79278,0.992,-493.2,-488.6,0.0,A,0.00095,False,BJ2018
2MASS J09440988-3745310,5433129540632978688,1.2883,1.1218,1.179,1.408,1.09695,1.15411,0.871,-4209.9,-4246.8,0.0,A,0.1503,False,BJ2018
2MASS J09414997-3602455,5436569882455094656,7.4559,7.2629,6.7727,8.1847,7.07432,7.47136,0.974,-2924.5,-2797.9,0.0,B,0.26351,False,BJ2018
TYC 7198-13-1,5443030196164951168,5.548,5.4023,5.211,5.9101,5.38064,5.42247,0.974,-224.3,-219.8,0.0,B,6e-05,False,BJ2018
GJ 1136 A,5443051537858529792,5.4093,5.389,5.3658,5.4548,5.36627,5.40857,0.996,-513.2,-510.1,0.0,A,3e-05,False,BJ2018
GJ 1136 B,5443051537858529920,5.3248,5.3418,5.28,5.3727,5.31882,5.36245,1.003,-499.4,-498.1,0.0,A,3e-05,False,BJ2018
LP 905-56,5454500168322239872,9.2421,9.1678,9.1243,9.3687,9.13048,9.20655,0.992,-423.6,-422.2,0.0,A,0.00112,False,BJ2018
2MASS J09581584-3305148,5459795450683558528,4.4518,4.4818,4.3927,4.5128,4.45717,4.51024,1.007,-667.0,-669.1,0.0,A,0.0024,False,BJ2018
Gaia DR3 5460073558405825152,5460073558405825152,11.1455,11.175,10.659,11.6772,11.07221,11.27795,1.003,-4604.1,-4588.6,0.0,A,0.31355,False,BJ2018
GJ 3597,5461620846141553024,8.3668,8.3614,8.2921,8.441,8.3248,8.40199,0.999,-682.7,-680.4,0.0,A,0.00067,False,BJ2018
LP 903-6,5463181705976708864,9.5167,9.5245,9.4388,9.5894,9.49527,9.55058,1.001,-284.0,-284.2,0.0,B,0.00042,False,BJ2018
HIP 31878,5479782647926975360,5.7302,5.7298,5.5288,5.9548,5.69654,5.76385,1.0,-642.3,-644.9,0.0,A,7e-05,False,BJ2018
2MASS J06123800-6225531,5481030731065102592,9.4898,8.3988,8.9779,10.0159,8.21907,8.59153,0.885,-3932.6,-3986.8,0.0,B,0.77596,False,BJ2018
HD 45270,5481848424118748672,5.4908,5.4905,5.4355,5.5476,5.46404,5.51696,1.0,-703.3,-702.7,0.0,A,0.00026,False,BJ2018
PM J06353-5737,5484571119849822464,4.5656,4.5632,4.456,4.6952,4.53385,4.58786,0.999,-703.8,-704.2,0.0,A,0.00012,False,BJ2018
TYC 8145-1056-1,5493861172770022272,1.82,1.808,1.7268,1.9307,1.76435,1.84832,0.993,-855.1,-826.9,0.0,B,0.00075,False,BJ2018
Gaia DR3 5497488942664098304,5497488942664098304,10.0355,10.4048,9.6368,10.4689,10.28329,10.55754,1.037,-2736.7,-2870.4,0.0,A,0.11863,False,BJ2018
2MASS J06192362-5416295,5499798776075564672,7.4213,7.7331,7.0647,7.8084,7.58158,7.95431,1.042,-2168.7,-2178.0,0.0,A,0.16402,False,BJ2018
TYC 8535-30-1,5501394579762647680,5.7709,5.8572,5.6486,5.9065,5.81857,5.89216,1.015,-887.5,-898.3,0.0,A,0.00099,False,BJ2018
TYC 8125-616-1,5503057896042776576,5.9104,7.4954,5.5722,6.2077,7.42928,7.56927,1.268,-3896.3,-3946.8,0.0,A,0.75583,False,BJ2018
2MASS J06585783-4933149,5508248694734689792,4.6698,4.4102,4.4887,4.8503,4.32365,4.49914,0.944,-2616.2,-2522.0,0.0,A,0.0559,False,BJ2018
2MASS J07015668-4822023,5509206197564109696,6.1313,4.1152,4.2275,10.2207,3.64039,4.6856,0.671,-3286.1,-3333.5,0.0,B,0.19319,False,BJ2018
HD 66040,5513576412689329024,4.835,4.8089,4.7965,4.8712,4.79781,4.8214,0.995,-819.6,-820.3,0.0,A,0.00309,False,BJ2018
TYC 8143-2193-1,5514394032723364224,5.6261,5.9878,5.4835,5.776,5.93886,6.03983,1.064,-2338.3,-2314.8,0.0,A,0.08505,False,BJ2018
2MASS J08141199-4717111,5516303094147580672,7.7911,7.3299,7.5367,8.0432,7.23706,7.4175,0.941,1619.6,1535.3,0.0,A,0.0027,False,BJ2018
TYC 8138-2535-1,5518432474513387008,8.2904,8.1955,7.8169,8.7874,8.09415,8.3069,0.989,-4637.1,-4654.0,0.0,A,0.10484,False,BJ2018
TYC 7668-1354-1,5521308041026430720,5.5624,5.2795,5.4723,5.6475,5.24858,5.3092,0.949,-809.3,-794.9,0.0,B,0.00082,False,BJ2018
GJ 320,5528866839863569024,9.8673,9.872,9.8253,9.9089,9.85385,9.89334,1.0,-188.5,-188.7,0.0,A,2e-05,False,BJ2018
TYC 7148-1806-1,5530383302613025536,6.1496,6.0569,5.7917,6.5221,5.97897,6.13931,0.985,-4521.5,-4521.5,0.0,A,0.06016,False,BJ2018
TYC 7649-1322-1,5536933200760766464,3.8338,3.6013,3.7356,3.9305,3.57917,3.62536,0.939,-2077.4,-2067.3,0.0,A,0.03683,False,BJ2018
TYC 7660-2426-1,5541018882886395904,8.0721,7.1112,7.6014,8.5699,7.00987,7.20699,0.881,-4256.7,-4251.5,0.0,A,0.08983,False,BJ2018
TYC 7121-1411-1,5547847365503540480,8.8988,8.7851,8.4607,9.3828,8.58749,8.98058,0.987,-671.9,-674.5,0.0,B,0.00097,False,BJ2018
2MASS J06395374-4838327,5551538941421122304,0.8657,1.2705,0.7722,0.9548,1.24361,1.29488,1.468,-3814.5,-3875.2,0.0,A,0.36677,False,BJ2018
2MASS J06334948-4750243,5552244793526284672,10.0011,9.372,8.6887,11.8697,8.87623,10.032,0.937,-2908.9,-2772.7,0.0,A,0.11659,False,BJ2018
2MASS J06361454-4725425,5552277469637323136,2.5976,2.3073,2.2103,3.0748,2.08749,2.78817,0.888,-4018.8,-4461.5,0.168,B,0.43146,False,BJ2018
PM J06091-4953,5553110654636730496,3.3951,3.4584,3.2063,3.6142,3.44218,3.47369,1.019,-538.7,-546.0,0.0,A,0.00084,False,BJ2018
TYC 8109-619-1,5554080977943991680,5.0271,4.9166,4.6552,5.439,4.78887,5.0369,0.978,-4967.8,-4793.6,0.062,A,0.36295,False,BJ2018
TYC 8102-1806-1,5555009618592879616,7.3845,7.4299,7.2488,7.5247,7.39721,7.46436,1.006,-1491.7,-1492.4,0.0,A,0.04539,False,BJ2018
2MASS J06580972-4632465,5557668714448447616,1.9869,1.7464,1.8527,2.1258,1.71283,1.7866,0.879,-3137.5,-3224.6,0.0,A,0.14508,False,BJ2018
LTT 2728,5559265690666327168,5.7891,5.7996,5.7736,5.8043,5.79042,5.80628,1.002,-166.4,-166.6,0.0,A,2e-05,False,BJ2018
LTT 2727,5559265690666326016,5.8759,5.8851,5.8472,5.9057,5.8744,5.89646,1.002,-165.3,-165.4,0.0,A,2e-05,False,BJ2018
Gaia DR3 5559463774558460672,5559463774558460672,10.6519,11.4735,7.8808,16.2994,9.7804,13.46119,1.077,-4458.9,-3872.6,0.066,B,0.20796,False,BJ2018
HIP 32939,5562061542577445760,8.4649,8.6222,8.3623,8.5607,8.57661,8.67623,1.019,-1030.4,-1046.7,0.0,A,0.00574,False,BJ2018
2MASS J07024730-4050029,5562997806790106752,4.9801,4.7367,4.8132,5.1505,4.67389,4.80299,0.951,-2651.2,-2677.1,0.0,A,0.09129,False,BJ2018
TYC 8101-1447-1,5566867125647181568,7.8956,6.7619,7.5824,8.1927,6.63212,6.91597,0.856,-4682.7,-4804.7,0.012,A,0.76043,False,BJ2018
2MASS J06232226-4420134,5567291919389718912,4.7047,4.8188,4.4807,4.9499,4.73424,4.90134,1.024,-1558.7,-1613.6,0.0,A,0.01735,False,BJ2018
2MASS J06105543-4246035,5571232118090082816,0.232,0.2099,0.1989,0.264,0.20261,0.21558,0.905,-1162.4,-1158.2,0.0,A,0.00527,False,BJ2018
SAO 217751,5571494871306107904,8.965,8.9598,8.8821,9.0497,8.93653,8.99125,0.999,-1039.6,-1037.3,0.0,A,0.02915,False,BJ2018
HD 50652,5576491979856868992,9.6091,9.5501,9.5253,9.6924,9.51979,9.57763,0.994,-1058.2,-1051.8,0.0,A,0.01508,False,BJ2018
2MASS J06454825-3723463,5577268028908212480,9.8062,9.9333,9.6539,9.9651,9.86727,9.99793,1.013,-1089.6,-1106.4,0.0,A,0.00759,False,BJ2018
2MASS J06325165-3544382,5581272175377836032,7.7665,7.7044,7.3628,8.2205,7.60277,7.80324,0.992,-3306.8,-3295.6,0.0,A,0.07322,False,BJ2018
TYC 7086-864-1,5581411744635320448,4.8535,4.9474,4.7792,4.93,4.90937,4.98118,1.019,-1479.5,-1490.6,0.0,A,0.04769,False,BJ2018
TYC 7091-338-1,5583660692592205440,3.4475,2.9638,3.2132,3.6545,2.92015,2.99739,0.86,-4211.3,-4286.8,0.0,A,0.23806,False,BJ2018
2MASS J07342900-3348188,5591805904791108736,6.6609,6.6651,6.5145,6.8232,6.61847,6.7171,1.001,-1747.7,-1750.8,0.0,A,0.0098,False,BJ2018
2MASS J07551946-3430507,5593638382661112832,8.7575,10.0643,8.2394,9.3639,9.77325,10.37324,1.149,-2111.3,-2193.4,0.0,B,0.09382,False,BJ2018
HD 67163,5596589574957336576,7.888,7.8511,7.8295,7.9453,7.82975,7.87128,0.995,-757.0,-756.3,0.0,A,0.00059,False,BJ2018
2MASS J07421161-3009511,5598894872883723008,5.6121,5.3939,5.2614,5.9692,5.28241,5.51091,0.961,-4599.6,-4502.2,0.0,A,0.10171,False,BJ2018
HD 61241,5599311793946975872,6.0471,4.1466,5.3385,6.7715,4.04099,4.24799,0.686,-3837.8,-3798.9,0.0,A,0.30541,False,BJ2018
TYC 6565-1728-1,5600540493883860992,3.8437,3.6993,3.6328,4.0632,3.66184,3.74103,0.962,-2676.6,-2658.9,0.0,A,0.01382,False,BJ2018
Gaia DR3 5601135230902996608,5601135230902996608,9.9745,10.0911,9.7331,10.2387,9.99376,10.17966,1.012,-1402.3,-1420.5,0.0,A,0.00528,False,BJ2018
LTT 2976,5602386058511578368,7.7618,7.7401,7.7318,7.7913,7.72788,7.75397,0.997,-223.9,-223.4,0.0,A,4e-05,False,BJ2018
2MASS J07130518-3357082,5603048759084972032,9.2318,9.0979,9.0301,9.4324,9.02017,9.15628,0.985,-1319.2,-1302.2,0.0,A,0.01134,False,BJ2018
2MASS J07000626-3155098,5604127719287053440,6.3691,5.8231,6.1021,6.6568,5.69971,5.95133,0.914,-1586.8,-1561.0,0.0,B,0.01297,False,BJ2018
SAO 197612,5604180809383704192,9.7436,9.4345,9.5915,9.9029,9.39145,9.47884,0.968,-1758.8,-1756.2,0.0,A,0.03656,False,BJ2018
2MASS J07223907-3130208,5604912156419053312,9.2369,8.9473,8.9926,9.4981,8.83573,9.09797,0.969,-2148.2,-2114.2,0.0,A,0.01663,False,BJ2018
2MASS J07223527-3019117,5605586878601601408,5.7107,5.3261,5.3051,6.1065,5.26203,5.3987,0.933,-3620.2,-3593.9,0.0,A,0.25118,False,BJ2018
HD 50177,5608562809896153728,2.2839,2.2711,2.2465,2.3225,2.26279,2.28054,0.994,-1091.3,-1088.4,0.0,A,0.00826,False,BJ2018
PM J07001-2847,5608852393772621184,9.7888,9.8749,9.7082,9.8701,9.84858,9.89909,1.009,-350.4,-352.2,0.0,A,5e-05,False,BJ2018
HD 61686,5613838335416324736,9.5991,9.5774,9.5099,9.698,9.54668,9.6109,0.998,-1069.4,-1066.8,0.0,A,0.00249,False,BJ2018
2MASS J07491167-2359293,5614769415603711744,8.7015,8.8666,8.1373,9.3081,8.64896,9.10131,1.019,-2014.7,-2231.1,0.0,B,0.03322,False,BJ2018
PM J07187-2616,5616120681034800000,5.8109,5.9781,5.5452,6.1042,5.80273,6.2067,1.029,-939.2,-968.6,0.0,A,0.00078,False,BJ2018
GJ 2056,5617244278837970816,9.8656,9.9029,9.588,10.1667,9.87247,9.93567,1.004,-587.4,-587.9,0.0,A,0.00027,False,BJ2018
TYC 6541-759-1,5617684152207450880,8.0421,8.3689,7.5364,8.5958,8.2395,8.52265,1.041,-4370.3,-4190.5,0.0,A,0.42694,False,BJ2018
GJ 279,5619121248267202688,3.1676,3.2561,3.0926,3.2464,3.23367,3.27698,1.028,-408.6,-412.2,0.0,B,0.00017,False,BJ2018
2MASS J08462787-3456267,5626778109799818624,6.684,6.6311,6.5936,6.7697,6.60054,6.66137,0.992,-946.1,-944.2,0.0,A,0.00285,False,BJ2018
2MASS J08582547-3251432,5628557768145829888,8.3057,8.6555,7.9545,8.697,8.56623,8.75987,1.042,-3566.9,-3740.5,0.0,A,0.04873,False,BJ2018
2MASS J09220857-3509379,5629530732855800064,9.0679,8.8094,8.7522,9.4141,8.73497,8.90385,0.971,-2581.9,-2526.2,0.0,A,0.14297,False,BJ2018
2MASS J09443518-2955428,5632506290495812992,6.5159,6.4218,6.4314,6.6029,6.39473,6.4568,0.986,-939.8,-934.2,0.0,B,0.00091,False,BJ2018
2MASS J08441250-3303560,5639282237067225856,7.1322,7.2025,4.9662,12.1487,6.03177,8.75335,1.01,-893.2,-914.3,0.0,B,0.00066,False,BJ2018
SAO 199382,5643718869565236352,7.5197,8.4738,7.1322,7.9248,8.31585,8.60298,1.127,-4777.0,-4429.1,0.0,B,0.0826,False,BJ2018
TYC 6578-1475-1,5646437721303596800,7.3589,8.1753,6.7763,8.0711,7.84027,8.56112,1.111,-1646.5,-1742.2,0.0,B,0.0082,False,BJ2018
TYC 6590-317-1,5651114768880973440,5.9249,6.0078,5.7384,6.1308,5.96061,6.0451,1.014,-1490.9,-1509.4,0.0,A,0.03777,False,BJ2018
2MASS J09122988-2413415,5651490973656219776,3.9708,4.0621,3.7257,4.2554,3.97145,4.15832,1.023,-2805.7,-2923.0,0.0,A,0.17498,False,BJ2018
TYC 6571-2297-1,5653677279512168192,9.6624,9.6302,9.3858,9.9536,9.56591,9.69795,0.997,-1864.5,-1850.6,0.0,A,0.03059,False,BJ2018
2MASS J09550756-2053008,5670352507219013504,1.6946,3.7805,0.7363,2.6042,3.6082,3.93108,2.231,-4554.6,-4475.5,0.0,A,0.95726,False,BJ2018
LFT 678,5684037136313018368,9.2481,9.1751,9.1756,9.3262,9.14356,9.20852,0.992,-71.7,-71.6,0.0,A,2e-05,False,BJ2018
LP 843-16,5694679412448070528,7.5268,7.4684,7.4752,7.578,7.44819,7.48442,0.992,-248.6,-247.7,0.0,A,0.00013,False,BJ2018
2MASS J08154706-2449080,5694783831692549504,7.8151,4.3389,7.2252,8.4465,4.16072,4.50427,0.555,-4200.6,-4270.9,0.0,B,0.22454,False,BJ2018
HD 71519,5697027694400683648,6.6096,6.73,6.319,6.9469,6.68395,6.78423,1.018,-3401.9,-3389.2,0.0,A,0.0394,False,BJ2018
2MASS J08035179-2612439,5697186092808055680,6.0102,5.9313,5.9266,6.0979,5.90736,5.95492,0.987,-718.5,-710.5,0.0,A,0.00121,False,BJ2018
Gaia DR2 5698540588050405888,5698540588050405888,8.3154,8.3992,7.2786,9.7808,8.24815,8.55962,1.01,-1402.0,-1422.4,0.0,A,0.00839,False,BJ2018
2MASS J08492192-1845336,5705558491583656960,6.5849,6.1716,6.2239,6.9547,6.09459,6.24556,0.937,-3905.5,-3905.1,0.0,A,0.24083,False,BJ2018
Gaia DR3 5719674129242574464,5719674129242574464,9.9981,10.0084,9.5691,10.4522,9.83828,10.21623,1.001,-1254.2,-1258.2,0.0,A,0.00582,False,BJ2018
TYC 6000-81-1,5720822809653950976,7.2908,7.0806,7.1206,7.4676,7.04549,7.11408,0.971,-1930.4,-1905.4,0.0,A,0.04769,False,BJ2018
TYC 5425-1500-1,5725065137830644352,5.6934,5.5679,5.5667,5.8299,5.52889,5.60823,0.978,-2950.7,-2961.7,0.0,A,0.03355,False,BJ2018
2MASS J07543327-1415396,5725606131913768192,6.5768,7.1016,6.4405,6.7222,6.94585,7.26177,1.08,-2328.3,-2273.4,0.0,B,0.02149,False,BJ2018
2MASS J08533806-1721462,5729828256557303552,8.1263,8.1656,7.5072,8.8145,7.9699,8.41178,1.005,-1622.0,-1647.2,0.0,A,0.02147,False,BJ2018
HD 76102,5729829012471549056,8.3992,8.3077,8.2639,8.5418,8.26909,8.35512,0.989,-1756.8,-1755.0,0.0,A,0.0247,False,BJ2018
GJ 3523,5730371484020807808,5.6865,5.6832,5.6536,5.7176,5.67286,5.69479,0.999,-162.9,-163.0,0.0,A,6e-05,False,BJ2018
TYC 6028-295-1,5731001366744412672,3.1017,3.738,2.2794,3.9091,3.56658,3.92898,1.205,-3975.0,-3749.2,0.0,B,0.80566,False,BJ2018
GJ 334,5743705394673617664,8.2613,8.2787,8.1723,8.3514,8.26097,8.30015,1.002,-261.7,-261.7,0.0,A,0.00018,False,BJ2018
UPM J0838-0641,5755078777310822272,4.152,4.1822,4.0347,4.2735,4.09698,4.25454,1.007,-1799.8,-1837.7,0.0,A,0.01064,False,BJ2018
TYC 4865-1104-1,5764331481192006144,5.4571,6.2798,4.9925,5.9213,6.21108,6.36098,1.151,-2598.4,-2575.1,0.0,A,0.17129,False,BJ2018
2MASS J12250976-8653152,5766117397315104384,7.3857,7.3639,7.1292,7.668,7.2509,7.46802,0.997,-1593.5,-1591.9,0.0,A,0.01087,False,BJ2018
HIP 87414,5767612458250649216,9.3786,9.2281,9.2736,9.4823,9.19109,9.26701,0.984,-1776.9,-1778.0,0.0,A,0.04466,False,BJ2018
2MASS J15464131-8050539,5772187560494763520,9.3417,9.6495,9.0409,9.6642,9.51629,9.76298,1.033,-2279.5,-2274.9,0.0,A,0.07864,False,BJ2018
HIP 74240,5773303564798208256,6.186,6.6713,5.9004,6.4994,6.44894,6.91255,1.078,-1354.8,-1484.2,0.0,B,0.02097,False,BJ2018
2MASS J17251380-8034590,5774643113556172800,7.5216,7.5441,7.4338,7.6043,7.5061,7.58168,1.003,-489.7,-492.2,0.0,A,0.00086,False,BJ2018
HIP 85511,5776910478332747776,5.3219,5.4554,5.2059,5.4399,5.4112,5.49237,1.025,-3110.5,-3075.7,0.0,A,0.02321,False,BJ2018
HIP 73408,5793748639924547968,9.4418,8.4961,9.3579,9.523,8.4203,8.57166,0.9,-1415.1,-1406.8,0.0,B,0.01293,False,BJ2018
Gaia DR3 5796654438693890432,5796654438693890432,10.082,10.7509,9.3979,10.9075,10.5171,11.06223,1.066,-4207.3,-4404.7,0.0,A,0.0562,False,BJ2018
HIP 82032,5806162435437141888,8.9963,8.9942,8.9383,9.0541,8.97513,9.01354,1.0,-528.0,-528.5,0.0,A,0.00058,False,BJ2018
ζ TrA,5808612830236138368,9.5867,10.3834,8.6622,10.5063,9.87691,10.88758,1.083,-436.6,-395.1,0.0,B,6e-05,False,BJ2018
2MASS J17285914-6425185,5813856680371330688,9.5637,9.9022,8.6507,10.7172,9.71637,10.09221,1.035,-3409.5,-3574.0,0.0,A,0.10398,False,BJ2018
HIP 81424,5816195788293415424,5.2832,5.503,5.1841,5.3971,5.46101,5.54576,1.042,3211.3,3198.4,0.0,A,0.0253,False,BJ2018
TYC 9049-2442-1,5821695408014939776,5.6646,5.8703,5.4482,5.8962,5.83748,5.91257,1.036,-2907.8,-2896.7,0.0,A,0.05254,False,BJ2018
HD 146248,5828045912305227008,1.4802,1.3253,1.4414,1.5179,1.31878,1.33121,0.895,-1151.3,-1143.7,0.0,A,0.00856,False,BJ2018
2MASS J16382175-6355131,5828371157273738368,1.6341,1.1605,1.4542,1.811,1.10504,1.21414,0.71,-1412.4,-1430.7,0.0,B,0.01986,False,BJ2018
2MASS J16092859-6218102,5829698680118333056,4.478,4.7424,4.0858,4.9441,4.60861,4.88245,1.059,-4146.5,-4045.3,0.0,A,0.23058,False,BJ2018
TYC 9041-834-1,5830241018558219520,4.758,5.8628,4.4003,5.133,5.77183,5.9712,1.232,-2633.8,-2718.5,0.0,B,0.15551,False,BJ2018
Gaia DR3 5832501373962491264,5832501373962491264,3.4079,12.2471,2.9156,3.9654,11.67588,12.75888,3.594,-4732.2,-4818.0,0.082,B,0.18624,False,BJ2018
GJ 613,5835498883232034816,8.4312,8.4445,8.3924,8.4684,8.4275,8.46483,1.002,-268.2,-268.2,0.0,A,0.00016,False,BJ2018
TYC 9254-2207-1,5838982715785602560,9.9322,10.0855,9.5962,10.2822,9.99603,10.17592,1.015,-3873.9,-3923.0,0.0,A,0.04422,False,BJ2018
TYC 9254-1915-1,5839162215363809024,6.7557,6.932,6.5663,6.9594,6.88062,6.98811,1.026,-2544.5,-2552.0,0.0,A,0.04417,False,BJ2018
2MASS J12195133-7353490,5841388451530562560,8.6659,7.6671,7.65,10.0655,7.29934,8.12177,0.885,-1645.9,-1577.2,0.0,B,0.01108,False,BJ2018
Gaia DR3 5849347781879086336,5849347781879086336,6.9951,10.7966,6.7107,7.3038,10.45898,11.10589,1.543,-2440.1,-2388.6,0.0,B,0.04669,False,BJ2018
TYC 9010-590-1,5853404670579797376,6.6142,6.7852,6.5188,6.7086,6.76419,6.8066,1.026,-850.8,-854.5,0.0,A,0.00322,False,BJ2018
HIP 62534,5855730584310531200,4.3279,4.3481,4.3072,4.3485,4.33971,4.35715,1.005,-264.7,-264.2,0.0,B,0.00022,False,BJ2018
HIP 64180,5857110471404372736,7.7578,7.7896,7.7038,7.814,7.77123,7.8083,1.004,-397.0,-398.1,0.0,A,0.00025,False,BJ2018
UPM J1238-6514,5861048509766415616,1.6287,1.6217,1.6154,1.6426,1.61032,1.63151,0.996,-296.9,-293.4,0.0,A,8e-05,False,BJ2018
V851 Cen,5865871998528696576,6.4387,6.4196,6.211,6.6799,6.28219,6.53107,0.997,-714.0,-707.2,0.0,B,0.00137,False,BJ2018
PM J14098-5959,5866913820152011264,6.4091,6.372,6.363,6.4556,6.3573,6.38865,0.994,-281.7,-281.2,0.0,A,0.0001,False,BJ2018
TYC 8690-1374-1,5867035178739580288,9.7126,9.6788,9.4995,9.9192,9.62289,9.74264,0.997,-1933.9,-1935.4,0.0,A,0.01651,False,BJ2018
TYC 8675-321-1,5869212521017562624,1.9846,2.2366,1.9358,2.0378,2.22147,2.25231,1.127,-1947.6,-1947.3,0.0,A,0.01029,False,BJ2018
HIP 67400,5872104270943488896,6.2062,6.1086,6.1527,6.2616,6.09515,6.12318,0.984,-605.6,-605.0,0.0,A,0.00236,False,BJ2018
2MASS J15213716-6158010,5875171186871144704,2.4346,2.4193,2.3297,2.5483,2.36587,2.46456,0.994,-1904.2,-1860.3,0.0,A,0.02219,False,BJ2018
2MASS J15451198-5632477,5884048231468656640,3.7102,3.6899,3.4884,3.9679,3.52413,3.85803,0.995,-757.1,-754.7,0.0,A,0.00106,False,BJ2018
TYC 8697-388-1,5884935777784511488,2.8477,3.198,2.6711,3.016,3.17545,3.21926,1.123,-1499.7,-1492.1,0.0,A,0.01085,False,BJ2018
2MASS J14205099-5650025,5892297450504838656,6.8318,6.8531,6.581,7.1006,6.56231,7.20177,1.003,-981.6,-995.4,0.0,A,0.0013,False,BJ2018
HIP 72042,5893383463098407680,5.5983,5.558,5.4448,5.7441,5.52225,5.59584,0.993,-2571.3,-2576.2,0.0,A,0.02418,False,BJ2018
HD 129476,5893494788648945280,8.4309,8.3037,8.1823,8.6923,8.24334,8.35722,0.985,-1798.8,-1779.2,0.0,A,0.01408,False,BJ2018
2MASS J14350560-5326155,5894604402019860992,4.4678,4.3468,4.3179,4.6184,4.29427,4.42043,0.973,1203.8,1199.8,0.0,A,0.00325,False,BJ2018
GJ 2106,5895265380327966464,4.5126,4.4786,4.4823,4.5426,4.46899,4.48737,0.992,-185.6,-184.3,0.0,A,2e-05,False,BJ2018
2MASS J14120884-5403503,5896594273227951232,5.7537,5.9936,5.3421,6.1956,5.92055,6.08007,1.042,-2089.2,-2101.9,0.0,A,0.04361,False,BJ2018
2MASS J14364673-5015278,5899297255071163904,5.8025,6.1214,4.8784,6.8077,5.93157,6.35599,1.055,-3544.7,-3500.8,0.0,A,0.36415,False,BJ2018
TYC 8288-1204-1,5904828721964769920,9.7166,9.5146,9.5,9.9335,9.44272,9.58406,0.979,-1905.1,-1883.9,0.0,A,0.02659,False,BJ2018
2MASS J14524953-4505216,5907920793480317184,9.1198,9.158,8.6226,9.6367,8.69433,9.68813,1.004,-3010.1,-3084.2,0.0,A,0.12417,False,BJ2018
2MASS J17110226-5739436,5916030993110336896,8.7415,8.4629,8.5085,8.9888,8.41385,8.52063,0.968,-847.7,-846.0,0.0,A,0.00766,False,BJ2018
2MASS J17463487-5726401,5918658069980504832,9.5091,9.2314,9.1613,9.8703,9.07549,9.41154,0.971,-1966.3,-1949.5,0.0,A,0.06098,False,BJ2018
2MASS J17374249-5809226,5918940236453154944,9.8185,9.0487,9.1284,10.6349,8.90968,9.22928,0.922,-3367.5,-3167.3,0.0,A,0.05212,False,BJ2018
HIP 87316,5920846652178626304,5.1259,5.2334,5.0577,5.1942,5.21272,5.25293,1.021,-1019.3,-1022.4,0.0,A,0.00377,False,BJ2018
2MASS J17413611-5408240,5921315623947467520,7.8749,7.8128,7.7212,8.0352,7.61402,8.02738,0.992,-1432.2,-1409.5,0.0,A,0.01805,False,BJ2018
2MASS J17344383-5447470,5921408365185459968,5.1002,5.9128,4.7836,5.421,5.77089,6.05346,1.159,-3161.0,-3259.6,0.0,A,0.26957,False,BJ2018
GJ 676 A,5925209583053212800,8.4107,8.2733,8.2939,8.5232,8.25067,8.29452,0.984,290.4,287.2,0.0,B,2e-05,False,BJ2018
2MASS J16404621-5609234,5928602744675704064,4.8409,4.4741,4.6532,5.0205,4.42824,4.5155,0.924,-1374.3,-1369.8,0.0,A,0.01886,False,BJ2018
2MASS J16333011-5522579,5928864909490996864,11.0354,11.1567,9.6332,12.9931,10.84455,11.8938,1.011,-4576.6,-4921.0,0.328,B,0.16277,False,BJ2018
2MASS J16481408-5425417,5929913362546359424,6.9122,6.8416,6.8173,7.0095,6.82086,6.86154,0.99,-715.3,-716.7,0.0,A,0.00072,False,BJ2018
TYC 8713-1665-1,5930047606049316736,9.6256,9.9547,9.1792,10.1117,9.75248,10.13344,1.034,-2796.7,-2841.5,0.0,A,0.11989,False,BJ2018
2MASS J16410044-5439314,5930280874313569664,6.1252,5.1243,5.6049,6.6912,5.02834,5.22686,0.837,-3673.8,-3687.3,0.0,A,0.13362,False,BJ2018
TYC 8335-2697-1,5936799019761215488,4.9728,7.6228,3.184,7.2662,6.50187,8.81853,1.533,-4455.2,-3675.6,0.0,B,0.07015,False,BJ2018
HIP 83797,5938742337829520256,7.3782,7.2525,7.134,7.6351,7.20994,7.30554,0.983,1210.1,1186.5,0.0,A,0.00467,False,BJ2018
2MASS J16545747-4716509,5939747768155606144,2.8064,2.8402,2.7225,2.8847,2.80384,2.88906,1.012,-1069.1,-1074.3,0.0,B,0.00246,False,BJ2018
TYC 8337-1595-1,5940250077508482816,4.9117,5.2321,4.6616,5.1672,5.17338,5.29363,1.065,-2957.5,-2990.8,0.0,A,0.03153,False,BJ2018
HIP 81746,5943191236735787520,6.0994,6.108,6.0648,6.1358,6.08599,6.12448,1.001,-393.2,-394.1,0.0,B,0.00032,False,BJ2018
2MASS J17445959-4906188,5948158757226105856,5.4344,5.3498,4.8439,6.0309,5.22955,5.47521,0.984,-4488.9,-4542.0,0.0,B,0.29589,False,BJ2018
HIP 85447,5950252403499725952,8.0527,8.1486,7.9546,8.1502,8.09638,8.20161,1.012,-1574.4,-1571.5,0.0,A,0.01877,False,BJ2018
41 Ara,5951165616611763456,7.5231,7.5311,7.4943,7.5532,7.52089,7.54285,1.001,-88.0,-88.0,0.0,A,0.0,False,BJ2018
2MASS J17334137-4757469,5951509003514151936,9.031,8.2892,8.4698,9.6172,8.17489,8.38829,0.918,-4228.0,-4215.1,0.0,A,0.15836,False,BJ2018
2MASS J17433480-4518124,5955006932294712192,3.9538,4.459,3.6127,4.337,3.53642,45.28674,1.128,3887.1,4140.9,0.301,A,0.28241,False,BJ2018
HD 324218,5957372187992762880,6.7093,6.7703,6.5685,6.8479,6.67107,6.86185,1.009,-3008.3,-2988.0,0.0,A,0.03791,False,BJ2018
2MASS J16511967-4002052,5969867862765676160,3.4507,3.3432,3.3645,3.5361,3.32003,3.36282,0.969,1194.4,1196.2,0.0,A,0.00469,False,BJ2018
HIP 81935,5970956070030449792,3.0708,3.0844,3.0378,3.1058,3.06617,3.10281,1.004,687.4,687.2,0.0,A,0.0001,False,BJ2018
2MASS J17142758-3928597,5972277781731400448,4.7884,4.9117,4.6819,4.9007,4.87732,4.94785,1.026,974.5,990.3,0.0,A,0.00067,False,BJ2018
LHS 443,5975663354131618304,7.1718,7.1563,7.158,7.1851,7.14786,7.16432,0.998,-25.0,-27.3,0.0,A,0.0,False,BJ2018
2MASS J16042820-5158503,5981402804844310784,7.9938,8.3964,7.7947,8.184,8.29702,8.52526,1.05,-804.5,-828.1,0.0,A,0.00158,False,BJ2018
TYC 8321-370-1,5981928023489022976,8.8179,9.6301,8.3779,9.2867,9.52378,9.74785,1.092,-2851.2,-2887.2,0.0,A,0.01229,False,BJ2018
HIP 78202,5984297406649971968,5.742,6.7582,5.3789,6.1486,6.59071,6.96164,1.177,-1342.6,-1414.7,0.0,B,0.01456,False,BJ2018
TYC 8304-883-1,5985427051741294080,7.1338,7.3832,6.8071,7.4661,7.28571,7.48513,1.035,-2935.4,-2988.9,0.0,A,0.04633,False,BJ2018
GJ 604,5994771148252505216,7.7922,7.8331,7.7472,7.8374,7.81516,7.8533,1.005,-289.4,-290.0,0.0,A,5e-05,False,BJ2018
TYC 7851-1242-1,5998116652893855232,5.4561,5.6447,5.0299,5.9064,5.5762,5.70465,1.035,-2953.3,-2951.3,0.0,A,0.17289,False,BJ2018
2MASS J15383371-4338266,6001204661350349696,5.7818,6.7592,5.2121,6.4694,6.35455,7.17841,1.169,-3892.8,-4360.8,0.02,A,0.08249,False,BJ2018
WDS J15121-3942B,6005425828227821952,8.0283,8.0592,7.8258,8.2416,8.01266,8.11831,1.004,-558.2,-560.6,0.0,A,0.0003,False,BJ2018
2MASS J15215114-3652335,6007679689624236928,4.846,5.0779,3.9918,5.7379,4.89536,5.34506,1.048,-4272.7,-4107.1,0.0,A,0.84387,False,BJ2018
2MASS J16343023-3818427,6017817491773302144,7.5808,7.3511,7.3332,7.8424,7.17291,7.51786,0.97,-1158.0,-1138.9,0.0,A,0.00547,False,BJ2018
GJ 9559,6018047019138644480,4.2927,4.265,4.2211,4.3693,4.22498,4.3113,0.994,-871.0,-873.5,0.0,A,0.00108,False,BJ2018
TYC 7345-1150-1,6025436523233548544,7.2869,8.1628,7.0259,7.5566,7.99923,8.3223,1.12,1565.0,1584.6,0.0,B,0.02873,False,BJ2018
2MASS J16535737-3432344,6026027613820758016,4.0815,4.0749,3.9717,4.192,4.04581,4.10798,0.998,-712.0,-714.4,0.0,A,0.00054,False,BJ2018
TYC 6813-1444-1,6034774508013700992,6.2893,6.3703,6.1601,6.4304,6.32017,6.41,1.013,-1185.1,-1192.1,0.0,A,0.00543,False,BJ2018
2MASS J16080346-3009228,6037069704168050048,6.4496,6.311,5.9845,7.0043,5.95903,6.6009,0.979,3191.0,3051.8,0.0,A,0.05549,False,BJ2018
LP 917-25,6037547682484171008,8.3291,8.3934,8.2656,8.392,8.37038,8.41627,1.008,-252.0,-252.5,0.0,A,0.00011,False,BJ2018
Gaia DR3 6040276807778765824,6040276807778765824,9.7835,10.2896,9.3844,10.2234,10.05778,10.50706,1.052,-1019.8,-1030.5,0.0,B,0.01604,False,BJ2018
HD 146591,6048887461286217984,7.8344,7.8505,7.767,7.903,7.81891,7.88006,1.002,636.4,640.7,0.0,A,0.00377,False,BJ2018
Gaia DR3 6051225091725760896,6051225091725760896,8.4897,14.7958,8.0305,8.9682,14.08414,15.47291,1.743,-2918.3,-2966.3,0.0,B,0.15601,False,BJ2018
TYC 6215-776-1,6051975061736973184,6.9494,6.9208,6.7472,7.1601,6.82303,7.0176,0.996,2119.0,2114.1,0.0,A,0.00407,False,BJ2018
2MASS J12443013-5714094,6060947725156237824,9.5737,9.3919,9.2806,9.8758,9.31282,9.46625,0.981,-939.0,-921.6,0.0,B,0.0006,False,BJ2018
HD 114837B,6062166950455776512,5.8731,5.889,5.7271,6.0291,5.79979,5.9639,1.003,239.9,240.4,0.0,B,4e-05,False,BJ2018
GJ 503,6062166950467100032,6.6864,6.7334,6.5728,6.7973,6.71431,6.75433,1.007,241.4,242.3,0.0,A,5e-05,False,BJ2018
L 256-25,6081038727475538944,6.7568,6.7555,6.6976,6.816,6.73783,6.77231,1.0,-260.8,-261.9,0.0,A,0.00028,False,BJ2018
TYC 8247-442-1,6086554771153457920,8.6834,7.987,7.8911,9.574,7.81697,8.13756,0.92,-3517.8,-3509.8,0.0,A,0.16406,False,BJ2018
HIP 64550,6088054505011960832,7.5557,7.5467,7.5055,7.6104,7.53236,7.56445,0.999,-378.4,-378.8,0.0,A,0.00064,False,BJ2018
Gaia DR3 6094610824130865792,6094610824130865792,9.9882,10.099,9.7011,10.2931,10.0225,10.16443,1.011,-2582.2,-2592.0,0.0,A,0.03168,False,BJ2018
2MASS J13591045-4537012,6095589041579684224,7.7767,6.6439,7.0203,8.6438,6.51111,6.79239,0.854,-2770.3,-2906.4,0.0,A,0.29046,False,BJ2018
2MASS J13374694-4102062,6112978887421216384,7.874,7.4688,7.0061,8.9672,7.15769,7.71098,0.949,2238.0,2146.5,0.0,A,0.00954,False,BJ2018
L 476-31,6117754272585766016,8.3259,8.3322,8.2648,8.3881,8.28147,8.37444,1.001,-530.9,-532.9,0.0,A,0.00092,False,BJ2018
2MASS J14225568-3545316,6119486896753466752,9.0094,9.5131,8.403,9.7104,9.24425,9.83285,1.056,-2536.7,-2577.8,0.0,B,0.1921,False,BJ2018
TYC 7290-518-1,6122893076391280512,8.8479,8.9371,8.5054,9.1912,8.83661,9.03779,1.01,-2389.9,-2393.9,0.0,A,0.1469,False,BJ2018
2MASS J13112567-4154197,6137604992945245824,1.2269,1.1477,0.975,1.4909,1.10366,1.19829,0.935,-2832.9,-3027.9,0.0,A,0.1,False,BJ2018
TYC 7775-1012-1,6152501210837398016,4.797,5.1885,4.5109,5.0978,5.11869,5.24981,1.082,-3591.3,-3637.1,0.0,A,0.09989,False,BJ2018
TYC 7260-253-1,6153835399477805056,7.9086,7.9154,7.1379,8.7217,7.72919,8.09894,1.001,-4309.4,-4304.9,0.0,A,0.87162,False,BJ2018
2MASS J12460436-3112405,6160604130496988800,7.1719,7.7015,6.8377,7.542,7.58171,7.84433,1.074,-3512.3,-3544.5,0.0,B,0.29862,False,BJ2018
TYC 7278-1195-1,6163640122620173056,3.6387,3.7266,3.5528,3.7295,3.70125,3.74746,1.024,-1865.0,-1899.8,0.0,A,0.06208,False,BJ2018
TYC 6727-259-1,6176176719839878912,7.7369,8.0899,7.2535,8.2573,8.00014,8.2032,1.046,3068.7,3166.6,0.0,A,0.06241,False,BJ2018
2MASS J13084547-3434020,6179056233418543616,7.2894,7.2498,7.2026,7.3835,7.21278,7.28972,0.995,-401.3,-399.8,0.0,B,0.00091,False,BJ2018
RAVE J131250.5-310900,6182322882464322432,9.1514,9.0344,7.8266,11.0869,8.75984,9.44959,0.987,2565.5,2484.5,0.0,A,0.06655,False,BJ2018
2MASS J15121679-3133023,6210681043988568320,7.5279,7.9411,7.2334,7.8269,7.80837,8.06185,1.055,-1749.4,-1825.1,0.0,A,0.03853,False,BJ2018
2MASS J14380373-2855002,6221844935300345472,7.0095,7.0034,6.7634,7.259,6.948,7.05964,0.999,-2311.9,-2295.4,0.0,A,0.08545,False,BJ2018
2MASS J14343664-2536461,6223819280226277888,9.291,9.154,8.9673,9.655,8.98534,9.31658,0.985,1569.2,1553.9,0.0,A,0.02057,False,BJ2018
TYC 6755-1715-1,6225641548951044736,4.9606,5.2081,4.3917,5.5411,5.11063,5.32148,1.05,-1933.4,-1944.2,0.0,A,0.20881,False,BJ2018
2MASS J14521337-2213174,6232154811019063296,6.7549,1.9176,6.1959,7.3428,1.62711,2.19619,0.284,-2455.2,-2344.7,0.0,B,0.13503,False,BJ2018
KX Lib,6232511606838403968,5.3074,5.3121,5.2979,5.3166,5.30751,5.3171,1.001,-39.9,-39.9,0.0,A,0.0,False,BJ2018
HIP 78551,6247290417511847680,7.7854,7.5558,7.6739,7.9061,7.50682,7.6021,0.971,1821.1,1829.3,0.0,A,0.01174,False,BJ2018
TYC 6206-1411-1,6249451228435093760,2.2261,1.9552,1.8529,2.6037,1.90323,2.00398,0.878,2387.8,2392.3,0.0,A,0.20181,False,BJ2018
2MASS J15285099-2232120,6251620667955884544,3.8758,4.0563,3.3111,4.7155,3.56432,4.83223,1.047,2755.6,2868.2,0.0,A,0.02571,False,BJ2018
TYC 6182-560-1,6255542870747047168,8.5534,8.2345,7.8166,9.3888,8.04864,8.38794,0.963,-4591.9,-4534.8,0.0,A,0.84386,False,BJ2018
2MASS J15242699-1651525,6258683385194053504,7.819,7.3847,7.5538,8.0925,7.18505,7.57296,0.944,2853.6,2785.6,0.0,A,0.24292,False,BJ2018
2MASS J13454560-2157576,6288482963508170112,5.625,4.1339,4.7525,6.7363,3.88088,4.47704,0.735,-3807.4,-3973.3,0.02,B,0.36341,False,BJ2018
2MASS J13443029-1947590,6292387127436018688,7.1073,7.0098,6.4771,7.8849,6.6754,7.29978,0.986,3139.7,3059.6,0.0,A,0.16018,False,BJ2018
HIP 70756,6298443615439036928,6.5538,6.7077,6.2681,6.8436,6.64554,6.78382,1.023,1710.3,1746.5,0.0,A,0.02198,False,BJ2018
2MASS J15100968-0518232,6334832566940136832,1.7029,4.1795,0.7922,2.634,3.87721,4.54506,2.454,4263.6,4580.3,0.098,B,0.69926,False,BJ2018
PM J23267-8725,6341793441911160064,5.6605,5.8836,5.3372,5.9953,5.84985,5.92151,1.039,-822.4,-852.1,0.0,A,0.00045,False,BJ2018
2MASS J20012089-8446475,6346222098654366976,9.098,7.4333,8.5395,9.6971,7.1401,7.78948,0.817,-4223.3,-4117.8,0.0,A,0.55609,False,BJ2018
TYC 9484-809-1,6352012436124139136,8.706,8.825,7.8798,9.748,8.31607,9.33829,1.014,-1177.1,-1181.7,0.0,B,0.03261,False,BJ2018
GJ 4340,6353376831270492800,2.8744,2.8398,2.8357,2.9106,2.82132,2.8582,0.988,-1137.3,-1137.6,0.0,A,0.00477,False,BJ2018
HR 8526,6357835694518769408,9.6595,9.68,9.5281,9.7919,9.61212,9.7496,1.002,-1305.3,-1315.2,0.0,A,0.00504,False,BJ2018
TYC 9457-164-1,6359492452384805504,7.3693,7.4609,7.1484,7.5778,7.35436,7.57841,1.012,-3923.1,-3919.1,0.0,A,0.02825,False,BJ2018
2MASS J19322022-7445158,6367418728630365312,4.2534,4.5064,4.1254,4.3956,4.44077,4.57644,1.059,-1950.8,-1942.8,0.0,A,0.08204,False,BJ2018
L 26-27,6377828354964753792,9.2367,9.268,9.1816,9.2922,9.24412,9.28996,1.003,170.0,168.0,0.0,A,6e-05,False,BJ2018
2MASS J23522706-7523320,6377858213577369088,8.7237,8.6401,8.5598,8.902,8.55758,8.72819,0.99,-1273.6,-1273.7,0.0,A,0.01752,False,BJ2018
GJ 902,6380214844952702848,5.7728,5.7789,5.7597,5.7862,5.77091,5.78847,1.001,-119.7,-119.7,0.0,A,8e-05,False,BJ2018
2MASS J23275329-7039150,6381244331433528448,3.4679,2.0166,2.7289,4.4444,1.8915,2.16006,0.581,-3521.2,-3390.4,0.0,A,0.7,False,BJ2018
TYC 9341-554-1,6384425282996573184,3.1855,5.4352,2.9101,3.4494,5.3835,5.47805,1.706,-4836.7,-4891.0,0.004,A,1.18483,False,BJ2018
TYC 9337-466-1,6385686530208346112,4.6043,4.7107,4.5664,4.6482,4.69838,4.72436,1.023,-630.2,-627.1,0.0,A,0.01521,False,BJ2018
HD 224214,6386274253533315584,2.2224,1.2891,1.9991,2.4609,1.23461,1.34381,0.58,-3973.6,-4001.0,0.0,A,0.64806,False,BJ2018
TYC 9327-264-1,6396469681261213568,1.1722,0.866,1.1152,1.2282,0.85374,0.88084,0.739,-1894.7,-1904.1,0.0,A,0.11715,False,BJ2018
HD 207294,6396867773189476096,8.7811,8.885,8.736,8.8285,8.86597,8.90386,1.012,-509.1,-510.2,0.0,A,0.00546,False,BJ2018
γ Pav,6401464693867773568,7.0862,7.0788,7.0108,7.1605,7.0639,7.09342,0.999,126.3,126.3,0.0,B,7e-05,False,BJ2018
TYC 9123-782-1,6404258346754028928,4.8136,4.635,4.6343,4.9855,4.60368,4.66975,0.963,-2716.1,-2717.7,0.0,A,0.07372,False,BJ2018
GJ 4273,6404403585367962752,9.5799,9.4864,9.4276,9.7314,9.44267,9.52645,0.99,-545.0,-542.3,0.0,A,0.00057,False,BJ2018
Gaia DR3 6407181501495421440,6407181501495421440,8.528,10.7771,8.2073,8.8576,10.53664,11.04457,1.264,-1280.0,-1333.1,0.0,B,0.06657,False,BJ2018
GJ 4244,6409473742721612544,8.6532,8.7232,8.5789,8.7256,8.69245,8.76203,1.008,-742.8,-746.5,0.0,A,0.00469,False,BJ2018
2MASS J21495332-6009357,6410004458943558272,6.3918,6.4513,6.2716,6.5086,6.419,6.4766,1.009,-1441.4,-1457.6,0.0,A,0.00714,False,BJ2018
Epsilon Indi,6412595290592307840,3.2547,3.2572,3.2464,3.2626,3.25464,3.25973,1.001,17.5,17.5,0.0,A,0.0,False,BJ2018
TYC 9306-655-1,6420692300376594560,9.5277,9.0693,9.0191,10.0714,8.87855,9.27958,0.952,-2164.6,-2042.3,0.0,B,0.05075,False,BJ2018
HIP 95644,6420789023043900800,5.7576,5.8421,5.7284,5.7891,5.82925,5.85482,1.015,-570.2,-572.3,0.0,A,0.00458,False,BJ2018
2MASS J20090900-6802453,6424145832042068864,8.2428,8.0859,8.0682,8.4251,8.03505,8.13715,0.981,-1995.7,-2034.7,0.0,A,0.1099,False,BJ2018
TYC 9095-21-1,6429007425784303744,5.7457,4.9886,5.538,5.9573,4.8979,5.06251,0.868,-4799.8,-4885.2,0.012,A,0.65017,False,BJ2018
TYC 9095-58-1,6429410156277138304,8.6219,9.0706,8.4767,8.761,9.02565,9.11265,1.052,-1858.9,-1857.0,0.0,A,0.1573,False,BJ2018
2MASS J20060443-6420261,6430088932909472896,5.4762,5.3349,5.3349,5.6225,5.2868,5.38409,0.974,-1878.3,-1879.2,0.0,A,0.05913,False,BJ2018
TYC 9081-1775-1,6436443216764503168,4.8436,4.7098,4.4703,5.2957,4.67221,4.75034,0.972,-1885.4,-1897.3,0.0,A,0.05781,False,BJ2018
2MASS J18282611-6457553,6437669614608505984,12.3018,10.7646,11.5455,13.1496,10.53994,10.99766,0.875,-4850.7,-4907.1,0.102,A,0.95335,False,BJ2018
HIP 98994,6444489133617357824,2.5396,2.4569,2.2707,2.8021,2.41661,2.49151,0.967,4835.6,4863.1,0.0,A,0.32843,False,BJ2018
TYC 9084-789-1,6445308579017932800,10.8408,9.4238,10.2435,11.449,9.19993,9.64696,0.869,-4842.9,-4927.0,0.098,A,1.24447,False,BJ2018
2MASS J20004084-5833334,6447474582564160256,9.0549,9.1534,8.9846,9.1205,9.13262,9.17279,1.011,-292.4,-293.0,0.0,A,0.00127,False,BJ2018
2MASS J20060951-5733169,6447639127055303040,13.1113,12.1338,12.3756,13.9265,11.91995,12.33836,0.925,-3687.4,-3760.1,0.0,B,0.63282,False,BJ2018
TYC 8786-310-1,6448053436780456320,4.6483,9.8037,3.1396,6.1933,8.95712,10.52714,2.109,-4526.4,-4292.4,0.0,B,0.91747,False,BJ2018
TYC 8780-1630-1,6449054065377678464,7.2296,7.6933,7.0129,7.4581,7.62347,7.76258,1.064,-2570.9,-2608.0,0.0,A,0.17694,False,BJ2018
TYC 9109-222-1,6449504968225730560,7.89,9.0764,7.4809,8.2663,8.96644,9.19159,1.15,-4121.2,-4167.2,0.0,A,0.13116,False,BJ2018
HIP 103180,6470468772315704448,9.2173,9.2405,8.8393,9.6074,9.2064,9.27862,1.003,-366.5,-365.7,0.0,B,0.00073,False,BJ2018
2MASS J20372987-5458358,6470654795938604288,3.9137,3.89,3.7775,4.065,3.8178,3.94045,0.994,-1390.2,-1342.6,0.0,A,0.04193,False,BJ2018
GJ 798,6471497502884511232,9.8476,9.861,9.8243,9.8714,9.84927,9.87022,1.001,92.6,92.6,0.0,A,3e-05,False,BJ2018
TYC 8785-1723-1,6471816563116796800,6.4281,7.114,5.6822,7.2647,6.95901,7.28538,1.107,-4090.7,-4240.3,0.0,A,0.18323,False,BJ2018
HR 7674,6472858766996632704,8.3322,8.2041,8.1036,8.5746,8.11885,8.28514,0.985,-1664.6,-1657.8,0.0,A,0.00377,False,BJ2018
SAO 255407,6490659447933211776,6.8105,6.6162,6.634,6.9989,6.58804,6.65135,0.971,-1748.0,-1746.1,0.0,A,0.05748,False,BJ2018
HD 216378,6512660778684426752,6.5047,6.3788,6.3223,6.7046,6.34968,6.41091,0.981,-1903.1,-1921.0,0.0,A,0.10115,False,BJ2018
GJ 4310,6514632718428652928,5.914,5.9622,5.7836,6.0396,5.93862,5.98609,1.008,-538.6,-539.5,0.0,A,0.00236,False,BJ2018
HD 214731,6519227714961476352,7.5093,7.5265,7.4245,7.5925,7.49474,7.55407,1.002,-596.3,-598.5,0.0,A,0.00066,False,BJ2018
2MASS J22312108-4227015,6521180378891524096,5.506,5.4108,5.2081,5.8289,5.33178,5.50573,0.983,-2738.2,-2628.7,0.0,B,0.03568,False,BJ2018
Lacaille 9352,6553614253923452800,3.2776,3.288,3.2767,3.2785,3.28778,3.28827,1.003,-2.2,0.0,0.0,A,0.0,False,BJ2018
GJ 832,6562924609150908416,4.1602,4.1456,4.1352,4.1858,4.13068,4.15898,0.997,-115.3,-115.9,0.0,A,3e-05,False,BJ2018
HD 206667,6566237914427842944,5.4406,5.4706,5.3333,5.5556,5.42607,5.50955,1.006,-2734.8,-2719.4,0.0,A,0.14379,False,BJ2018
TYC 8438-1326-1,6567428346217167360,4.3214,3.952,3.941,4.73,3.87731,4.00551,0.915,-3475.6,-3523.2,0.0,A,0.31503,False,BJ2018
HD 203074,6575677565346829696,7.6137,7.3951,7.4256,7.7903,7.35409,7.4277,0.971,-1631.8,-1611.0,0.0,A,0.01266,False,BJ2018
TYC 7989-601-1,6578248915023773568,5.755,5.9232,5.5329,6.002,5.87982,5.97091,1.029,-2679.5,-2695.0,0.0,A,0.14071,False,BJ2018
2MASS J21010793-4158536,6581242885184921728,7.8061,8.5729,6.9574,8.9125,7.88871,9.41668,1.098,-981.8,-1080.2,0.0,B,0.00264,False,BJ2018
Lacaille 8760,6583272171336048640,3.7843,3.7822,3.7804,3.788,3.77992,3.78428,0.999,-17.2,-17.3,0.0,A,0.0,False,BJ2018
GJ 4288,6608187792013441792,5.7106,5.7439,5.6072,5.8221,5.72223,5.76678,1.006,-339.8,-340.4,0.0,A,0.00034,False,BJ2018
2MASS J22415098-2759470,6608946489396474752,0.4907,0.5817,0.3006,0.6807,0.55614,0.60313,1.185,-2756.7,-2779.1,0.0,A,0.09145,False,BJ2018
HD 209253,6612887104710588928,8.4163,8.3212,8.1926,8.6345,8.26485,8.3817,0.989,-1793.3,-1755.6,0.0,A,0.03378,False,BJ2018
2MASS J18114215-6002206,6635365275616011520,5.5229,5.5949,5.4088,5.6441,5.52888,5.65985,1.013,676.7,685.5,0.0,A,0.0005,False,BJ2018
2MASS J18440811-5756476,6636578964653476736,9.4264,7.388,8.2824,10.6878,7.15316,7.60011,0.784,-4663.9,-4728.7,0.0,A,1.46117,False,BJ2018
TYC 8779-1381-1,6641145309458547712,5.8669,4.3851,4.7783,6.9822,4.29891,4.49589,0.747,-3883.3,-3905.1,0.0,A,0.90336,False,BJ2018
TYC 8760-556-1,6644143299713298176,7.3531,7.9662,6.9766,7.7593,7.87224,8.06323,1.083,-3494.6,-3529.8,0.0,A,0.15358,False,BJ2018
2MASS J19143741-5304417,6644807679614167296,7.066,7.1719,6.6948,7.4737,6.6663,7.65687,1.015,-931.4,-939.8,0.0,B,0.00111,False,BJ2018
SAO 246258,6645790363833343232,7.1268,7.0625,6.7461,7.5433,6.95231,7.15846,0.991,-4701.3,-4762.0,0.0,A,0.03318,False,BJ2018
2MASS J18322130-5604095,6649921817433656448,6.0107,6.0843,5.8243,6.2082,6.03431,6.13506,1.012,-1851.5,-1875.5,0.0,A,0.01454,False,BJ2018
2MASS J18404233-5454334,6650089076341239424,8.2203,8.2024,8.0858,8.3601,8.12229,8.29004,0.998,-459.7,-461.5,0.0,A,0.00077,False,BJ2018
LTT 7361,6651058467639413248,8.2194,8.2422,8.1674,8.2737,8.22015,8.26871,1.003,-430.1,-429.9,0.0,A,0.00041,False,BJ2018
TYC 8745-359-1,6654392874092144256,8.5621,9.0214,8.2155,8.9427,8.9218,9.1345,1.054,-2676.3,-2715.3,0.0,A,0.13873,False,BJ2018
2MASS J19095615-5031060,6658093078614423040,8.5362,8.6447,8.333,8.7331,8.58866,8.70758,1.013,-1745.4,-1766.5,0.0,B,0.01504,False,BJ2018
2MASS J20233959-4856061,6668048469206316288,8.1295,8.5983,7.584,8.7329,8.35683,8.82459,1.058,-1679.7,-1758.1,0.0,A,0.05777,False,BJ2018
2MASS J19523084-4925301,6670178463747983744,6.967,7.9695,6.5818,7.3833,7.79276,8.17236,1.144,-3311.3,-3373.2,0.0,A,0.54658,False,BJ2018
GJ 784,6673000841376349696,3.5047,3.5106,3.4451,3.5628,3.50186,3.51975,1.002,121.7,121.5,0.0,A,5e-05,False,BJ2018
2MASS J20524450-4318375,6676790029026924544,8.1771,8.0074,7.8394,8.5364,7.87562,8.14531,0.979,-2392.4,-2419.1,0.0,A,0.11734,False,BJ2018
TYC 7971-422-1,6676996088674785536,10.6921,9.3055,10.0462,11.3817,9.17696,9.45036,0.87,-3560.0,-3570.5,0.0,A,0.63672,False,BJ2018
TYC 7957-237-1,6680179655873516928,2.9993,2.9575,2.8203,3.1893,2.92205,2.99347,0.986,-1675.3,-1696.0,0.0,A,0.08787,False,BJ2018
DH Mic,6683306151547010688,3.3213,3.1322,3.1463,3.5251,2.89319,3.43932,0.943,-980.9,-932.2,0.0,A,0.00065,False,BJ2018
UPM J1941-4602,6684504722300935680,1.4739,1.4713,1.4413,1.5056,1.46126,1.48297,0.998,-464.7,-457.8,0.0,A,0.00062,False,BJ2018
2MASS J19482261-4019117,6690456619260897792,6.2472,6.2558,6.1615,6.3357,6.23087,6.28064,1.001,-578.2,-577.7,0.0,A,0.0008,False,BJ2018
TYC 7947-337-1,6693904820866124928,6.6142,6.6296,6.4343,6.7921,6.55143,6.6901,1.002,-1296.5,-1289.6,0.0,B,0.0298,False,BJ2018
LHS 486,6697578465310949376,2.0447,2.0465,2.039,2.0505,2.04373,2.04977,1.001,40.2,40.2,0.0,A,0.0,False,BJ2018
TYC 8368-1808-1,6703774178976166400,2.7539,3.245,2.3831,3.1481,3.17746,3.30415,1.178,-3916.4,-3991.0,0.0,A,0.14082,False,BJ2018
TYC 8363-570-1,6708210536599269888,5.908,7.5933,5.5236,6.2706,7.50603,7.69287,1.285,-3604.0,-3712.5,0.0,A,0.49426,False,BJ2018
2MASS J19075980-4335102,6712231927354522368,7.7014,8.8758,7.2917,8.1863,8.74318,9.028,1.152,-2488.2,-2533.8,0.0,A,0.2801,False,BJ2018
2MASS J19181872-3855270,6714862925539777280,5.1037,3.839,4.5596,5.6951,3.75231,3.932,0.752,-2992.4,-2917.6,0.0,A,0.36089,False,BJ2018
2MASS J19082261-3830359,6718065631113764608,9.6147,9.6489,8.8068,10.6161,9.4413,9.86131,1.004,-1474.2,-1471.8,0.0,A,0.01026,False,BJ2018
GJ 744,6718894388002453120,8.1477,8.1943,8.1104,8.1825,8.17891,8.21049,1.006,-211.3,-211.7,0.0,A,5e-05,False,BJ2018
TYC 7910-580-1,6722494910635361152,6.0558,6.1781,5.6345,6.4626,6.12547,6.23562,1.02,-3270.4,-3271.7,0.0,A,0.25436,False,BJ2018
2MASS J18144455-3832550,6727594544340836736,2.7925,2.5827,2.4259,3.2155,2.54982,2.63082,0.925,-2148.8,-2138.7,0.0,A,0.0849,False,BJ2018
2MASS J18452296-3257505,6735691249205192960,5.7564,6.5817,5.5599,5.9495,6.27136,6.97972,1.143,967.5,1102.0,0.0,B,0.01312,False,BJ2018
2MASS J19302952-3902103,6737927033059289216,10.2894,6.5026,9.9343,10.6541,6.2676,6.71584,0.632,-2619.1,-2594.0,0.0,B,0.07686,False,BJ2018
2MASS J19410424-3838133,6738135974628356480,7.5349,6.7376,6.8291,8.2965,6.57525,6.87242,0.894,-2978.3,-2938.2,0.0,A,0.50131,False,BJ2018
2MASS J19351871-3522020,6741204952101889280,4.8054,5.3919,4.3699,5.3243,5.27786,5.53839,1.122,-4895.9,-4815.7,0.113,A,0.24127,False,BJ2018
2MASS J19442524-3346396,6741588823396922752,7.8607,8.1048,7.7331,7.9856,8.05259,8.15762,1.031,-1302.0,-1305.6,0.0,B,0.04105,False,BJ2018
2MASS J19194740-3627557,6742366246835893888,5.1381,5.0109,4.5499,5.7552,4.91972,5.10263,0.975,4834.6,4811.5,0.0,A,0.62379,False,BJ2018
2MASS J19582138-3129357,6747516526800144000,5.0686,6.6875,4.3512,5.8105,6.49328,6.89166,1.319,-3541.2,-3372.1,0.0,B,0.43699,False,BJ2018
TYC 7414-616-1,6756796512326012160,9.4963,9.706,8.725,10.3899,9.55524,9.85755,1.022,-2720.2,-2723.4,0.0,A,0.05686,False,BJ2018
TYC 7414-326-1,6756796546685748864,9.4276,9.5582,8.961,9.9645,9.44825,9.68146,1.014,-2750.8,-2724.8,0.0,A,0.05649,False,BJ2018
2MASS J19171906-3146182,6757756656546749184,8.6811,8.6702,8.2691,9.1164,8.56003,8.77567,0.999,2300.9,2273.9,0.0,A,0.00916,False,BJ2018
2MASS J18554214-3037405,6760411633532234624,3.2589,3.3706,3.1143,3.4179,3.32045,3.42043,1.034,984.3,1009.1,0.0,A,0.00072,False,BJ2018
2MASS J19014656-2936146,6760914973649227264,3.9929,3.6828,3.4842,4.6754,3.55397,3.80663,0.922,-2487.1,-2297.1,0.0,A,0.00701,False,BJ2018
TYC 6872-114-1,6761646251969319040,7.5596,8.1843,6.9897,8.1841,8.03419,8.31186,1.083,-2835.9,-2980.9,0.0,A,0.1437,False,BJ2018
2MASS J19410863-2329051,6768484316624233472,5.6401,5.7472,5.3195,5.9652,5.67309,5.82599,1.019,2258.4,2233.1,0.0,A,0.24435,False,BJ2018
SAO 188208,6771397236461601664,3.1423,4.4047,2.4464,3.8096,4.30833,4.48661,1.402,-4539.4,-4699.4,0.0,A,0.21221,False,BJ2018
PM J21027-3941,6773688481251238272,7.3107,7.2926,7.183,7.4495,7.23205,7.34437,0.998,724.2,722.4,0.0,A,0.00485,False,BJ2018
2MASS J21014548-3622582,6775575037046367616,9.3375,8.9921,8.5963,10.1881,8.32597,9.72298,0.963,-3723.9,-3949.5,0.0,A,0.5107,False,BJ2018
HIP 101549,6791823654241059456,9.1297,8.8024,8.0912,10.6717,8.68283,8.93723,0.964,-2779.2,-2748.6,0.0,A,0.00575,False,BJ2018
AU Mic,6794047652729201024,9.3102,9.2271,9.2514,9.3653,9.18144,9.28456,0.991,124.6,134.1,0.0,A,8e-05,False,BJ2018
TYC 7442-55-1,6796233554862772224,5.3852,4.7934,4.9836,5.8239,4.7162,4.86913,0.89,-1650.1,-1644.2,0.0,B,0.05855,False,BJ2018
HD 202739,6803319151387792384,2.3075,2.1361,1.8846,2.7968,1.99502,2.27302,0.926,3867.6,4046.0,0.0,B,0.06193,False,BJ2018
TYC 6929-1217-1,6805290953695754368,4.561,3.1402,3.9515,5.2778,2.81385,3.48808,0.688,4115.9,4198.0,0.0,B,0.17859,False,BJ2018
TYC 6925-280-1,6806292265191033472,2.4416,2.9687,2.3331,2.5556,2.93985,2.99756,1.216,-4580.9,-4531.4,0.0,A,0.45945,False,BJ2018
TYC 6943-352-1,6814403053228448000,8.2847,8.0386,7.7844,8.8567,7.83779,8.2166,0.97,-4233.2,-4265.8,0.0,A,0.33381,False,BJ2018
TYC 6383-127-1,6820533620827764864,2.1054,2.6048,1.8748,2.3338,2.56173,2.64801,1.237,2962.6,3001.6,0.0,A,0.36849,False,BJ2018
GJ 785,6847167606385195648,6.1034,6.1151,6.0828,6.1233,6.10752,6.12443,1.002,82.2,82.1,0.0,A,3e-05,False,BJ2018
2MASS J20020703-2457002,6851253529034293760,11.2925,8.515,9.7784,13.3236,8.06179,8.95407,0.754,-4455.4,-3825.1,0.0,A,0.29476,False,BJ2018
TYC 6323-1234-1,6854262720560732928,5.2772,4.8152,4.8922,5.6289,4.74243,4.88804,0.912,3681.0,3657.9,0.0,A,0.22695,False,BJ2018
TYC 6336-1577-1,6860128683815428608,7.6521,7.5447,7.5087,7.8076,7.48135,7.59466,0.986,2199.2,2212.8,0.0,A,0.03209,False,BJ2018
2MASS J20331862-1814250,6861594538971972992,7.5819,5.7662,6.3206,9.3903,5.03846,6.63976,0.761,-3578.7,-2607.7,0.0,A,0.07384,False,BJ2018
HIP 97805,6863591389529611264,6.1374,6.1811,5.9964,6.2783,6.14783,6.2169,1.007,1050.7,1051.9,0.0,A,0.00659,False,BJ2018
2MASS J19592589-2249473,6864089124698520192,12.9015,12.9137,10.6665,15.521,12.16776,13.6475,1.001,4252.5,3967.7,0.0,B,0.88556,False,BJ2018
Gaia DR2 6881231335610272000,6881231335610272000,5.881,5.8499,5.8174,5.9388,5.78819,5.9269,0.995,268.7,267.3,0.0,A,0.00023,False,BJ2018
GJ 4179,6882485633558785920,7.0529,6.9599,6.0061,8.5434,6.38067,7.77074,0.987,1042.9,1033.4,0.0,B,0.00282,False,BJ2018
Gaia DR2 6886620175236490112,6886620175236490112,8.4818,8.9795,8.2183,8.768,8.83416,9.14664,1.059,-3427.0,-3498.7,0.0,B,0.27831,False,BJ2018
HD 199881,6890370510615309952,8.8627,8.083,8.6277,9.1286,8.00044,8.16254,0.912,4333.2,4403.2,0.0,A,0.36594,False,BJ2018
2MASS J21174058-1030043,6895586383323324928,8.2109,9.7831,4.9254,21.4577,8.0682,31.45757,1.191,3687.2,4975.1,0.492,A,0.83343,False,BJ2018
TYC 5745-171-1,6905258997571227776,7.8099,5.8603,7.2158,8.5556,5.75169,5.98111,0.75,4932.3,4745.5,0.0,A,0.61309,False,BJ2018
2MASS J20392883-0638499,6908004164568117504,12.0622,11.0463,11.6721,12.4939,10.93664,11.15804,0.916,3293.1,3263.0,0.0,A,0.45198,False,BJ2018
2MASS J21082943-0403159,6912746053277091072,11.9401,10.5207,11.1273,12.7909,10.33315,10.69664,0.881,-3594.4,-3568.9,0.0,A,0.58162,False,BJ2018
2MASS J02554204+0907203,20892851231718784,1.7457,1.6211,1.4711,2.1746,1.51169,3.27963,0.929,-5089.8,-4982.6,0.48,B,0.08149,True,BJ2018
HD 28676,144978858756826368,4.514,5.5422,4.2759,4.765,5.15909,6.11225,1.228,-5561.3,-5000.0,1.0,A,0.0792,True,BJ2018
Gaia DR3 156555444887074432,156555444887074432,8.0767,10.5782,7.3204,8.8487,9.28135,12.49271,1.31,5273.0,5000.0,0.992,A,0.30972,True,BJ2018
2MASS J04521097+3133190,160305290637825920,7.5918,8.3458,6.469,8.7969,6.93546,11.30082,1.099,4960.6,5000.0,0.883,A,0.61593,True,BJ2018
Gaia DR3 261261627963737472,261261627963737472,11.264,21.0677,9.9928,12.6444,15.79833,26.95057,1.87,5242.9,5000.0,0.996,A,0.32337,True,BJ2018
2MASS J04381939+5346243,273659102603749376,6.5868,6.3765,5.6166,7.935,5.92772,9.53713,0.968,5238.6,5000.0,0.512,A,0.06024,True,BJ2018
Gaia DR3 413330751883869312,413330751883869312,11.116,18.5183,8.9996,14.125,13.20647,26.34463,1.666,5326.3,5000.0,0.941,B,0.11541,True,BJ2018
Gaia DR3 420818288625338624,420818288625338624,6.5922,24.3186,5.4176,7.8527,18.59554,32.62328,3.689,5402.0,5000.0,0.898,B,0.11288,True,BJ2018
Gaia DR3 433032454054868096,433032454054868096,9.8795,15.1033,7.6239,13.7942,12.21229,41.61644,1.529,4265.7,5000.0,0.602,A,0.31654,True,BJ2018
TYC 4496-1573-1,564385915608886272,12.1601,20.1126,11.5446,12.815,18.52883,21.74087,1.654,5500.3,5000.0,1.0,B,0.13957,True,BJ2018
2MASS J05272116+8358513,570488278157310464,6.048,6.1241,5.6751,6.4526,5.91762,6.64851,1.013,-4916.0,-5000.0,0.516,A,0.16453,True,BJ2018
2MASS J08330758+0945011,599784559320519424,8.3576,6.4204,4.8863,19.2963,4.52044,27.55813,0.768,5516.0,4647.7,0.391,B,0.42074,True,BJ2018
2MASS J11191002+4607427,788281328093433472,1.4994,4.6069,0.8699,2.2396,4.18994,7.12262,3.072,5247.9,5000.0,0.695,B,1.12728,True,BJ2018
2MASS J07073191+2645258,883235392787157632,5.3535,4.6688,1.6572,15.8026,3.4713,6.26558,0.872,5404.6,4096.4,0.059,B,0.03214,True,BJ2018
2MASS J06553230+3831031,944251897216714368,6.6056,7.3403,5.6307,7.7665,6.37416,16.46703,1.111,4989.8,5000.0,0.629,B,0.30799,True,BJ2018
2MASS J07104869+5642171,988450409228015360,8.8255,9.7158,7.3711,10.8808,8.76968,12.42643,1.101,4830.7,5000.0,0.707,B,0.26409,True,BJ2018
TYC 4549-1304-1,1126722070958286208,11.6143,11.12,11.1318,12.146,10.98496,11.3169,0.957,5007.9,5000.0,0.629,A,0.60647,True,BJ2018
StKM 1-1448,1335261012560897536,7.6382,7.8868,7.1234,8.2519,7.58895,8.35348,1.033,5297.5,5000.0,0.969,A,0.18299,True,BJ2018
2MASS J13412375+3701133,1472249887819659776,2.9418,9.0066,2.6298,3.257,5.08756,12.31691,3.062,5027.7,5000.0,0.969,A,1.54303,True,BJ2018
TYC 3850-1240-1,1563012614187619712,3.6309,9.9523,3.3082,3.9624,8.07613,11.59251,2.741,-5147.3,-5000.0,1.0,A,1.43581,True,BJ2018
2MASS J17365732+8130053,1710114419442182528,6.5814,7.0457,5.2743,8.9279,5.92193,17.36395,1.071,5043.4,5000.0,0.578,A,0.18826,True,BJ2018
HD 207594,1772352275131285888,12.9385,19.9553,11.7781,14.201,18.27273,21.50267,1.542,5208.3,5000.0,1.0,A,0.1971,True,BJ2018
2MASS J20080973+1126470,1802650932953918976,0.7401,18.0708,0.2135,1.3703,10.10036,28.0109,24.417,5341.4,5000.0,0.992,A,0.30338,True,BJ2018
TYC 3638-519-1,1939192650569556224,7.6467,8.3079,7.3295,7.9694,7.82503,9.02617,1.086,-5087.8,-5000.0,0.953,A,0.38868,True,BJ2018
2MASS J22031791+3624284,1948835947362315008,9.2872,7.8365,8.0266,11.0699,7.34584,8.67517,0.844,5313.7,4937.7,0.438,B,0.13042,True,BJ2018
2MASS J21502660+3732366,1952894042921589888,4.5026,9.2886,4.1231,4.8806,6.15029,12.85138,2.063,5569.0,5000.0,0.953,A,0.38715,True,BJ2018
2MASS J19310254+2656502,2024908442470122496,10.1184,9.2276,8.9662,11.5259,8.83027,9.67582,0.912,5001.5,4545.0,0.004,A,0.06084,True,BJ2018
Gaia DR2 2039844281451069696,2039844281451069696,1.9467,7.1161,1.4104,2.4972,5.54256,9.54043,3.655,5249.3,5000.0,0.883,B,0.06758,True,BJ2018
2MASS J21392214+6958089,2224106002000507264,6.1412,9.2129,5.8062,6.4967,7.5386,11.55777,1.5,-4996.4,-5000.0,0.91,A,0.44456,True,BJ2018
2MASS J23324513-1004162,2437077418570502400,6.0447,6.1759,5.453,6.6784,5.18973,11.23785,1.022,-5022.7,-5000.0,0.664,A,0.38921,True,BJ2018
2MASS J21491223-0617051,2667221664874032000,12.0614,3.8984,8.0011,21.538,3.17108,14.71492,0.323,5460.9,4839.3,0.379,B,1.13724,True,BJ2018
TYC 7072-1429-1,2896466162775900416,12.7914,12.6565,12.1573,13.457,11.4513,14.05763,0.989,-5094.1,-5000.0,0.996,A,0.52128,True,BJ2018
2MASS J05312398-2643127,2908701425090946816,1.6948,13.4369,1.3602,2.0411,11.36796,15.80586,7.928,-5266.5,-5000.0,1.0,A,1.0533,True,BJ2018
TYC 5972-2542-1,2929487348824926336,0.9256,20.4332,0.2386,2.0036,15.84763,25.16294,22.076,-5364.0,-5000.0,1.0,A,0.12681,True,BJ2018
TYC 5975-972-1,2932002447313866240,2.9507,9.3305,2.5537,3.3592,5.09162,17.85916,3.162,-5971.8,-5000.0,0.859,B,0.26883,True,BJ2018
2MASS J07392856-1256241,3030758898091484032,6.098,29.9071,5.2765,6.9821,22.06319,37.37173,4.904,-4974.3,-5000.0,1.0,A,0.16581,True,BJ2018
2MASS J08401110-0409090,3071596031248444928,6.5446,7.5014,6.0569,7.0774,6.93142,8.9147,1.146,-5043.5,-5000.0,0.777,A,0.26104,True,BJ2018
2MASS J07032424-0223127,3108835356217130240,6.4885,8.9678,5.2933,7.7235,5.73826,15.42622,1.382,-5079.9,-5000.0,0.859,A,0.13996,True,BJ2018
TYC 4784-1351-1,3118272425858589056,6.3151,6.9687,5.5766,7.078,6.58092,8.39351,1.103,-4880.0,-5000.0,0.707,A,0.49408,True,BJ2018
TYC 4784-824-1,3121613983429066752,7.0029,6.5526,6.17,7.7952,6.39021,7.33177,0.936,-5052.7,-5000.0,0.535,A,0.16643,True,BJ2018
2MASS J06523451+0610154,3129844510859754240,4.9406,20.3593,4.3848,5.5274,10.05987,29.46403,4.121,-5645.3,-5000.0,0.973,B,0.17016,True,BJ2018
Gaia DR3 3219683479958226560,3219683479958226560,10.3317,17.5286,9.4048,11.3881,15.55295,20.05524,1.697,-5103.2,-5000.0,1.0,A,0.28111,True,BJ2018
2MASS J05304286+0019495,3221082810366413696,7.4226,13.5088,5.9376,9.3941,8.13292,21.16353,1.82,-5401.3,-5000.0,0.949,A,0.208,True,BJ2018
2MASS J05164120+0719463,3241284588476556416,12.7159,14.8861,11.0436,14.5669,10.71628,21.12025,1.171,-5374.7,-5000.0,0.941,A,0.42891,True,BJ2018
TYC 75-1564-1,3255691489335317120,11.0438,14.2841,7.7706,14.9026,11.44219,17.72651,1.293,-5194.5,-5000.0,0.957,B,0.37682,True,BJ2018
HD 30298,3281467301769280128,5.2646,6.0679,4.6762,5.8791,5.56225,6.87966,1.153,-4959.8,-5000.0,0.957,A,0.20208,True,BJ2018
Gaia DR2 3316939750202414208,3316939750202414208,1.8713,7.7761,0.9704,3.0553,3.83583,15.93069,4.155,-5103.6,-5000.0,0.789,B,0.15861,True,BJ2018
Gaia DR3 3321816359148094592,3321816359148094592,8.4128,14.8402,6.8642,10.441,13.49383,17.59506,1.764,3950.0,5000.0,0.66,B,0.28712,True,BJ2018
TYC 142-544-1,3321893531121315968,6.9647,11.2192,6.1177,7.944,9.08732,14.2932,1.611,5129.4,5000.0,1.0,A,0.2468,True,BJ2018
HD 254703,3344553533761466496,6.5438,24.6867,5.5469,7.6513,22.48179,27.00971,3.773,-5542.7,-5000.0,1.0,A,0.22972,True,BJ2018
TYC 751-1256-1,3350730383925707648,2.2236,13.4764,1.3626,3.1772,10.37322,16.70012,6.061,-5046.9,-5000.0,1.0,A,0.23173,True,BJ2018
TYC 750-362-1,3351127415001378688,3.0638,36.4952,1.1534,4.9833,31.37215,43.2951,11.912,-5369.9,-5000.0,1.0,A,0.40402,True,BJ2018
HD 284570,3410775783367578880,8.3433,11.4661,7.9755,8.7063,10.61079,12.27775,1.374,-5267.1,-5000.0,1.0,A,0.11511,True,BJ2018
2MASS J11471704-2035025,3542429278452873984,3.5289,3.8672,3.1263,3.9898,3.1611,6.20808,1.096,-4834.9,-5000.0,0.738,A,0.23084,True,BJ2018
TYC 898-732-1,3744785116414692224,2.3684,2.7084,1.4974,3.4179,2.60062,2.82754,1.144,5075.8,4940.8,0.066,A,0.30704,True,BJ2018
Gaia DR3 3918699990181185408,3918699990181185408,8.3594,9.143,8.0004,8.7407,8.94701,9.41028,1.094,5108.8,5000.0,0.992,A,0.42271,True,BJ2018
HIP 62015,3954499740888230400,4.568,6.6958,4.0038,5.145,6.30482,7.29282,1.466,4963.7,5000.0,0.918,A,0.81734,True,BJ2018
TYC 1983-750-1,3998864558327650944,9.0431,10.2977,7.8028,10.3249,9.17264,11.77848,1.139,-4938.5,-5000.0,0.996,A,0.55484,True,BJ2018
TYC 6266-2040-1,4097117364139815296,6.2295,11.1673,5.6892,6.825,7.22082,16.58502,1.793,5692.5,5000.0,0.973,A,0.08043,True,BJ2018
TYC 5663-303-1,4166821900142915584,8.0278,10.3521,7.1596,8.9449,9.17426,12.18046,1.29,5095.7,5000.0,1.0,A,0.31938,True,BJ2018
HD 188530,4192126576141617024,9.2743,7.9037,8.4794,10.2086,7.7582,8.06068,0.852,5288.2,4841.3,0.016,A,0.69485,True,BJ2018
TYC 5101-12-1,4273956114130899584,2.9041,10.3217,2.3323,3.557,8.12547,12.18978,3.554,5091.9,5000.0,1.0,A,0.13565,True,BJ2018
Gaia DR3 4289138479949310592,4289138479949310592,12.18,26.4819,11.1155,13.5257,13.283,39.94541,2.174,5547.2,5000.0,0.941,A,0.24002,True,BJ2018
TYC 5049-205-1,4382926130278046080,12.3527,26.5951,10.6824,14.1496,22.4231,31.42998,2.153,5346.8,5000.0,1.0,A,0.45429,True,BJ2018
2MASS J15353326-0133222,4415942196718463872,8.6159,9.5942,7.1131,10.2415,5.95119,15.3927,1.114,5248.8,5000.0,0.875,A,0.33612,True,BJ2018
2MASS J17550578+2056566,4576792334029530112,15.1286,23.0942,13.648,16.7022,18.98577,27.31547,1.527,5169.4,5000.0,1.0,A,0.36568,True,BJ2018
HIP 86204,4594204990435312256,2.7918,2.8984,2.424,3.1745,2.19721,3.58986,1.038,5077.7,5000.0,1.0,A,0.45493,True,BJ2018
TYC 9151-1522-1,4640832529788001536,6.9762,5.726,6.4337,7.5353,5.34216,6.96933,0.821,-4854.3,-5000.0,0.805,A,1.03937,True,BJ2018
TYC 8492-677-1,4734836101038770944,12.0177,11.2774,11.6137,12.5022,10.87042,11.87362,0.938,-4976.1,-5000.0,0.996,A,0.53413,True,BJ2018
TYC 6441-196-1,5071894929586774528,8.5222,7.1978,7.7761,9.3103,7.03501,7.7048,0.845,-5010.0,-5000.0,0.512,A,0.86931,True,BJ2018
2MASS J03302287-2422261,5085954625291316224,6.8714,7.0335,6.4705,7.3271,6.54293,8.03101,1.024,-4905.5,-5000.0,0.863,B,0.33761,True,BJ2018
TYC 5875-497-1,5104477754084350464,10.9715,11.234,10.4366,11.5201,10.64985,12.10187,1.024,-5162.6,-5000.0,1.0,A,0.19874,True,BJ2018
TYC 5309-880-1,5114199464098154368,8.6431,7.5988,8.1118,9.1876,7.49079,7.80985,0.879,-4884.8,-5000.0,0.566,A,0.61153,True,BJ2018
HD 17349,5129126605754957568,3.1842,4.1777,2.7443,3.6385,3.35532,6.18182,1.312,-4930.3,-5000.0,0.832,A,1.14596,True,BJ2018
2MASS J09503423-5705423,5259464638279953152,1.8414,13.2199,1.3654,2.557,6.2992,23.77526,7.179,-5119.7,-5000.0,0.867,B,0.16842,True,BJ2018
2MASS J06421464-6704209,5280437616401936512,3.8224,6.9255,3.6711,3.9884,5.55076,8.33149,1.812,-5163.7,-5000.0,0.98,A,0.54391,True,BJ2018
TYC 8911-3413-1,5292487812867259008,4.0238,13.9822,3.5873,4.4387,12.43756,15.54581,3.475,-5357.3,-5000.0,1.0,A,0.47024,True,BJ2018
2MASS J10213350-4319464,5415813748622546048,7.248,7.9306,6.2225,8.6691,7.57349,10.52793,1.094,-4613.6,-5000.0,0.594,A,0.16967,True,BJ2018
TYC 7191-1869-1,5446638488382645760,10.5352,26.8724,9.2353,11.9968,24.62684,29.2785,2.551,-5296.1,-5000.0,1.0,A,0.37536,True,BJ2018
2MASS J06070365-4605191,5566896748038703488,11.1135,9.9372,10.3752,11.9665,9.75184,10.30817,0.894,-5019.4,-4989.8,0.457,A,0.84907,True,BJ2018
Gaia DR3 5771561319902906880,5771561319902906880,9.219,50.2447,7.9034,10.6035,46.09213,54.69179,5.45,-5316.5,-5000.0,1.0,A,0.88095,True,BJ2018
TYC 9274-1445-1,5809443584301120640,6.0485,8.2739,5.4709,6.7108,7.54647,9.14931,1.368,-5102.8,-5000.0,1.0,A,0.13968,True,BJ2018
TYC 8703-255-1,5882981254119259136,8.549,8.6024,7.6741,9.5104,8.33544,9.67766,1.006,-5051.8,-5000.0,0.703,A,0.03764,True,BJ2018
2MASS J14433497-4949251,5904534155924753024,9.4718,16.7111,8.6638,10.3421,9.44201,25.99518,1.764,-5409.2,-5000.0,0.922,A,0.20558,True,BJ2018
TYC 8351-2149-1,5946718401318557440,2.1676,16.003,1.4902,2.9275,14.14976,17.78974,7.383,5566.4,5000.0,1.0,A,0.1792,True,BJ2018
2MASS J17050018-3901433,5967246386469796096,5.0174,13.7322,4.3196,5.6943,10.54197,17.4837,2.737,-5062.7,-5000.0,0.996,B,0.10415,True,BJ2018
TYC 6793-1529-1,6049958248175362560,4.7446,8.4195,4.0371,5.5247,6.84017,10.21597,1.775,5097.3,5000.0,0.977,A,0.73013,True,BJ2018
2MASS J13140412-2425473,6193819208540646528,9.4392,9.5909,7.8385,11.7844,9.04476,12.35631,1.016,-5211.6,-4953.4,0.395,B,0.90384,True,BJ2018
Gaia DR3 6261455047853751168,6261455047853751168,6.5893,15.4871,4.8108,8.7688,12.36906,19.1698,2.35,5155.7,5000.0,1.0,A,0.87217,True,BJ2018
Gaia DR3 6677105146485584256,6677105146485584256,5.5878,8.9378,4.9756,6.3327,6.5384,18.62157,1.6,-5244.5,-5000.0,0.734,A,1.05693,True,BJ2018
Gaia DR3 6735125825368387584,6735125825368387584,11.972,18.0768,10.88,13.1781,12.3973,37.70554,1.51,-5356.3,-5000.0,0.707,B,0.27914,True,BJ2018
2MASS J19380464-2507238,6767929995261470976,7.7511,12.3154,6.8078,8.8498,8.93135,16.44193,1.589,-4893.8,-5000.0,0.973,A,0.16163,True,BJ2018
HD 194637,6860739222003956224,8.0778,9.5837,7.6038,8.5537,8.80755,10.44053,1.186,5170.6,5000.0,1.0,A,0.36358,True,BJ2018
TYC 5772-512-1,6896941844938133248,11.4091,15.3554,10.0314,12.9852,13.14109,17.60237,1.346,5028.7,5000.0,1.0,A,0.73513,True,BJ2018
